link_id,MD,EV,NT
0,246.36873552297484,2.8010761206363667e-11,246.3687355229477
1,286.75004427962097,286.7395164182351,0.01052786138614398
2,246.36873552297484,2.8010761206363667e-11,246.3687355229477
3,286.75004427962097,286.7395164182351,0.01052786138614398
4,246.36873552297484,2.8010761206363667e-11,246.3687355229477
5,286.75004427962097,286.7395164182351,0.01052786138614398
6,246.36873552297484,2.8010761206363667e-11,246.3687355229477
7,286.75004427962097,286.7395164182351,0.01052786138614398
8,246.36873552297484,2.8010761206363667e-11,246.3687355229477
9,507.03999426293325,5.764764011645692e-11,507.0399942628764
10,1019.4045691800206,1019.3671423331382,0.0374268468822402
11,286.75004427962097,286.7395164182351,0.01052786138614398
12,286.75004427962097,286.7395164182351,0.01052786138614398
21,260.6712587399577,2.963687891009325e-11,260.671258739929
22,732.6545249003988,732.6276259149038,0.02689898549609646
23,260.6712587399577,2.963687891009325e-11,260.671258739929
24,260.6712587399577,2.963687891009325e-11,260.671258739929
25,732.6545249003988,732.6276259149038,0.02689898549609646
28,13.68757026957169,2.2899598579550666,12.865498956877765
29,2.584559222634152,2.5844643320429146,9.48905912413356e-05
30,139.64392912668387,0.09716031325056174,139.5467688134338
31,527.2500814173661,524.6462594047126,2.603822012655851
36,21.561639621997855,18.778370709280665,10.668037724217527
37,489.012059214284,122.28868026020365,376.5993833513493
38,0.0,0.0,0.0
39,0.0,0.0,0.0
40,2.584559222634152,2.5844643320429146,9.48905912413356e-05
41,0.0,0.0,0.0
42,26.130335769445907,23.612653955482866,108.67766856199628
43,0.0,0.0,0.0
44,0.0,0.0,0.0
45,0.0,0.0,0.0
46,571.2902725352011,100.21161092650735,179.55911239400345
47,184.2865752056687,340.8053542454628,853.4999954503376
58,133.49101519148232,138.37210929916418,637.9720740481589
59,454.91925349387776,34.147059620673375,133.54024955162143
108,477.5904859946719,93.17833595986119,152.05380726247546
109,27.495164323021733,28.500524004902477,131.40320331141183
110,0.0,0.0,0.0
111,0.0,0.0,0.0
174,657.2021549877524,49.33077902692861,192.91981842687377
175,285.95108658643625,28.50052400493186,389.8591255747979
176,0.0,0.0,0.0
177,0.0,0.0,0.0
178,0.0,0.0,0.0
179,0.0,0.0,0.0
180,26.49896271711515,27.46789632356543,126.64221768418676
181,0.0,0.0,0.0
182,195.0323655979675,202.16371694144155,932.0867221556148
183,348.7607890017514,6.77844616353619,284.96465836840935
184,133.49101519148232,138.37210929916418,637.9720740481589
185,454.91925349387776,34.147059620673375,133.54024955162143
186,1301.9959993720915,1301.9481973449272,0.04780202716668787
187,1301.9959993720881,1.4802973661668758e-10,1301.9959993719447
188,39.05987998116275,39.05844592034779,0.0014340608150006362
189,26.42857550964238,3.0047827134133597e-12,26.42857550963947
190,26.03991998744183,26.038963946898534,0.0009560405433337573
191,13.4086155159215,1.5244853472464836e-12,13.408615515920026
192,13.019959993720915,13.019481973449269,0.0004780202716668786
193,21.06512930327378,2.3949885745147657e-12,21.06512930327146
194,0.0,0.0,0.0
195,2.6817231031843005,3.0489706944929676e-13,2.681723103184005
196,10.338236890536578,1.1754002967175789e-12,10.33823689053544
197,13.019959993720915,13.019481973449269,0.0004780202716668786
198,13.4086155159215,1.5244853472464836e-12,13.408615515920026
199,63.19538790982148,52.8552103996758,10.340177510145786
200,16.0903386191058,1.8293824166957806e-12,16.09033861910403
201,65.87711101300583,65.87469237312389,0.0024186398820159978
202,29.11029861282668,3.3096797828626562e-12,29.110298612823478
203,130.97691098161042,130.9721022403702,0.004808741240350391
204,42.13025860654756,4.789977149029532e-12,42.130258606542924
205,143.99687097533138,143.99158421381946,0.00528676151201727
206,55.15021860026842,6.270274515196408e-12,55.150218600262356
207,183.05675095649406,183.05003013416734,0.006720822327017906
208,52.37133161653415,52.36940883350115,0.0019227830330481167
209,60.99948420938781,6.93530363044451e-12,60.99948420938111
210,39.35137162281322,39.34992686005189,0.0014447627613812378
211,47.979524215666935,5.455006264277635e-12,47.97952421566166
212,26.331411629092294,26.330444886602628,0.0009667424897143589
213,34.95956422194605,3.974708898110759e-12,34.95956422194221
214,18.286242319539372,18.285570950769795,0.0006713687696097504
215,42.61607800929836,10.337857328175325,32.27822068112317
216,25.942756106891643,15.603946305493356,10.338809801398348
217,18.869225602840256,2.1453264814149792e-12,18.86922560283818
218,2.584559222634152,2.5844643320429146,9.48905912413356e-05
219,0.09716388055015583,1.1046995269902056e-14,0.09716388055014513
220,2.5845592226341445,2.938500741793947e-13,2.58455922263386
221,15.798846977455378,15.798266931961574,0.0005800454938286154
222,36.47532075852849,4.147042024321231e-12,36.475320758524475
223,8.142333190103079,8.142034249067526,0.0002989410355648092
224,28.818806971176212,3.27653879705295e-12,28.81880697117304
225,36.86397628072922,36.86262284124367,0.0013534394856001028
226,104.25684383031711,1.1853425924604909e-11,104.25684383030566
227,49.88393627445015,49.88210481469293,0.0018314597572669819
228,59.639189881685674,20.870035282817113,38.769154598868745
229,101.95634793248783,366.9919839788457,275.32662666045536
230,69.78309901112192,10.337857328178416,59.44524168294374
231,117.26937550719245,387.66769863518846,269.9639395788173
232,105.96692812799989,5.168928664097294,100.79799946390297
233,173.93535064404347,449.69484260421797,264.60277074663907
234,121.47428346380471,1.3810953486431553e-11,121.47428346379134
235,184.2735875345801,470.5648778870296,254.07097235436422
236,163.2158865481516,1.8556742654381473e-11,163.21588654813365
237,226.01519061892722,517.4738771167406,248.9035762090007
238,999.6069976660121,974.6069155451279,649.733446984009
239,791.7438927021454,2602.5438753397,1431.3735936033227
240,1025.6469176534538,974.6069155451308,675.7733669714479
241,817.7838126895872,2628.5828392865988,1431.374549643866
242,1077.7267576283375,974.6069155451368,727.8532069463257
243,895.1262616075112,2705.9224486214157,1431.377389226972
244,1103.7666776157794,974.6069155451397,753.8931269337646
245,921.1661815949531,2731.9614125683147,1431.3783452675152
246,2546.145051606754,974.6069155453038,2196.2715009245603
247,972.6630382865358,2783.456378582703,1431.3802359447088
248,335.99269894243923,206.75714656344798,129.23555237899225
249,1223.2738233503553,161.01407109266074,1062.2597522576964
250,315.51055292246616,165.4057172507638,150.10483567170354
251,346.52526359407597,181.10682386949242,165.41843972458474
252,310.9244177604987,144.73000259442236,166.19441516607762
253,341.55047290990814,196.8079304882169,144.74254242169226
254,264.59667951418425,82.70285862539377,181.89382088879128
255,327.20908414070544,223.8184975674576,103.39058657324847
256,275.5178996880217,62.02714396905428,213.49075571896847
257,322.6229489787383,239.90824543912086,82.71470353961782
258,249.86663522278047,20.675714656369305,229.19092056641202
259,308.0872324484352,266.724491891892,41.362740556543095
260,281.46432917769107,3.2000935897852284e-11,281.46432917766003
261,303.6954250475683,283.00856039002485,20.686864657543342
262,318.03681381676967,3.615902491744342e-11,318.0368138167346
263,340.0735819255466,340.06109632143637,0.012485604110702068
264,441.24061435436727,5.016661491967923e-11,441.24061435431844
265,399.34354906114186,399.32888739460117,0.014661666541424425
266,91.73503625946613,91.84805704092977,15.20031737341283
267,226.41127445797295,2.574170837792578e-11,226.4112744579479
268,75.53520073969139,75.53242750865266,0.002773231038759936
269,182.18227603154207,2.0713116131066362e-11,182.18227603152192
270,62.51524074597046,62.5129455352034,0.0022952107670930573
271,169.1623160378212,1.9232818764899485e-11,169.1623160378025
272,49.49528075224953,49.49346356175414,0.0018171904954261795
273,109.42596227558542,1.2441126072963697e-11,109.42596227557335
274,36.475320758528596,36.47398158830488,0.0013391702237593006
275,96.40600228186455,1.096082870679682e-11,96.40600228185393
276,23.45536076480768,23.45449961485562,0.0008611499520924217
277,36.669648519628794,4.169136014861037e-12,36.669648519624765
278,10.435400771086764,10.435017641406354,0.000383129680425543
279,23.649688525907923,2.6888386486941606e-12,23.649688525905322
280,0.0,0.0,0.0
281,5.266282325818452,2.5844643320432197,2.6818179937752467
282,10.338236890536578,1.1754002967175789e-12,10.33823689053544
283,18.09191455843906,18.091250324300404,0.0006642341386893492
284,122.93014270169093,193.46529524581337,46.60235336771313
285,62.05894557748449,20.16073286088578,72.52488902635176
286,179.59611783854174,188.10204595526523,108.63157779511238
287,99.57806500832038,294.75860476200506,240.71783358617816
288,496.70237207309043,670.0422544372539,256.16430597923386
289,218.27346148839106,418.81289270006465,235.3589421281898
290,584.7717134037515,675.4055037278187,338.87039801933054
291,354.7757141068799,1094.0007848965831,642.3072622870833
292,855.6560028250603,913.6939833235485,527.649549060691
293,463.32720145751387,1218.0550728346407,626.8044616996598
294,1021.0677930736454,913.6939833235674,693.0613393092586
295,690.9627408104188,1445.4879340544162,627.0071398327894
296,1093.629779068502,919.0572326141302,760.2600760135523
297,794.1507819546842,1548.8665073361321,626.8166076953388
298,1442.050845168837,1157.345712209869,1026.5760037339287
299,835.6980572779308,1590.2179366488183,627.012453705899
300,1509.4437127184253,1157.540032836346,1093.7745506570393
301,1047.4375857728307,1802.144011876336,626.8259069732804
302,1731.5214781038633,1157.3457122099019,1316.0466366689193
303,1855.5690130846028,2608.4968834737224,628.6044626876509
304,2585.1422059174774,2585.047293922312,0.0949119951340957
305,1514.5517044636176,1.7219614346912415e-10,1514.5517044634403
306,1282.3300299487414,1282.2829499462207,0.04708000251754299
307,1215.520145682452,1.381979108264739e-10,1215.5201456823143
308,951.3121216904653,951.2771948182605,0.03492687220773185
309,1142.9581596875942,5.16892866421525,1137.7892310233808
310,920.1030832577553,909.7314448791058,10.371638378652388
311,884.3079096630771,36.37682127516691,847.9310883879137
312,734.0148192280972,702.9742983156762,31.040520912423965
313,848.3184083072996,62.61010584852772,785.708302458775
314,460.6345249121792,392.838578470531,67.79594644164993
315,653.4465294759077,115.85395750111215,537.5925719747969
316,352.8603486059466,268.7842905324722,84.07605807347464
317,453.21120443814715,143.05884520680206,310.15235923134713
318,183.44540647869417,62.02714396904378,121.41826250965107
319,408.8267438028366,181.3788727465566,227.4478710562807
320,144.23006428865116,1.6398159778642614e-11,144.23006428863536
321,306.80466922517365,244.76626110085326,62.03840812431996
322,192.5010801459685,2.188630702872996e-11,192.5010801459474
323,536.5778139501836,536.5581138072881,0.019700142897411725
324,31.01471067160976,10.337857328174003,20.676853343435845
325,26.428575509642407,10.337857328173486,16.090718181468993
326,46.522066007414615,5.168928664090533,41.35313734332424
327,36.57248463907873,31.207892610984977,5.364592028093827
328,82.7058951242926,9.40320237374063e-12,82.7058951242835
329,72.75631375595687,72.75364255014037,0.0026712058165982
330,103.57669666646603,1.1776096957715593e-11,103.57669666645465
331,98.79623374339866,98.79260649703889,0.0036272463599319577
332,129.61661665390776,1.4736691690049346e-11,129.61661665389352
333,135.36871838247737,135.36374839857845,0.004969983899151457
334,0.0,0.0,0.0
335,26.039919987441756,2.9605947323337505e-12,26.03991998743889
336,0.0,0.0,0.0
337,5.169118445268302,5.168928664085829,0.0001897811824826712
338,5.169118445268289,5.877001483587892e-13,5.16911844526772
339,36.37815687797843,36.18250064860083,0.19565622937766897
340,31.014710671609734,3.5262008901527357e-12,31.01471067160632
341,62.22374910431994,62.22146459549933,0.002284508820712456
342,77.53677667902431,8.815502225381838e-12,77.53677667901579
343,93.62711529813035,93.62367783295306,0.0034374651774492864
344,243.72587797201157,243.7169297179114,0.008948254100367157
345,181.30780110659057,2.061369317363724e-11,181.30780110657065
346,197.00948420349647,197.00225111466958,0.007233088827102711
347,150.09876267388057,1.7065398292944697e-11,150.09876267386406
348,170.7752364549543,170.76896654130167,0.006269913652848553
349,124.05884268643885,1.4104803560610946e-11,124.05884268642521
350,124.2531704475395,124.05428793805987,0.19888250947987438
351,103.38236890536572,1.1754002967175787e-11,103.38236890535435
352,108.7458151117346,103.37857328171715,5.367241830017663
353,82.9002228853929,0.1943206264787953,82.70590225891442
354,62.41807686542026,62.02714396902997,0.39093289639037254
355,67.19853978848778,5.168928664092885,62.029611124395124
356,47.10504929071565,41.35142931268728,5.753619978028452
357,41.54727532324662,0.1943206264740937,41.35295469677268
358,34.65553569229537,22.965674514298403,13.157749723258132
359,150.22250559577785,431.3461174498449,259.23865085274645
360,18.759524834289824,2.289959857955643,17.937453521595344
361,0.5829832833009365,0.5829618794081763,2.1403892761203514e-05
362,0.0,0.0,0.0
363,5.363446206368601,6.097941388985933e-13,5.36344620636801
364,20.676473781073156,2.350800593435157e-12,20.67647378107088
365,26.039919987441824,26.038963946898537,0.0009560405433337572
366,41.741603084346934,4.745789167949922e-12,41.741603084342344
367,93.43278753703004,93.42935720648367,0.003430330546528885
368,67.78152307178868,7.706383900283671e-12,67.78152307178124
369,119.47270752447183,119.46832115338219,0.004386371089862642
370,99.184889265599,1.1276772771516018e-11,99.18488926558811
371,171.55254749935554,171.54624904717923,0.006298452176530156
372,84.06618945199494,62.027143969032444,22.039045482962706
373,94.21009858143111,32.17949574333836,62.03060283809306
374,68.75316187729035,41.35142931268975,27.401732564600785
375,58.22059722565345,37.542745033888906,20.677852191764696
376,58.80358050895435,20.675714656347637,38.127865852606874
377,48.27101585731752,48.26924361499698,0.0017722423206276519
378,43.490552934249735,4.944635082808159e-12,43.49055293424495
379,53.634462063686136,53.6324929055522,0.0019691581340307244
380,69.53047292169148,7.905229815141909e-12,69.53047292168384
381,64.36135447642337,64.35899148666263,0.0023629897608368694
382,98.40757822119804,98.4039652441001,0.0036129770980911553
383,85.29045434692674,9.697052447920024e-12,85.29045434691736
384,72.36765823375625,72.36500129720159,0.0026569365547573975
385,64.80830832695392,7.36834584502467e-12,64.80830832694679
386,41.54727532324672,36.37682127507079,5.170454048176019
387,28.43015144897559,3.2323508159733416e-12,28.43015144897246
388,20.676473781073184,10.337857328172834,10.338616452900403
389,10.435400771086734,1.186447291987481e-12,10.435400771085584
390,68.17017859398936,37.15410378095126,31.016074813038298
391,21.065129303273807,10.337857328172877,10.727271975100983
392,119.47270752447156,26.427605199847893,93.0451023246241
393,51.69118445268303,51.689286640858285,0.0018978118248267123
394,150.0987626738806,15.701106618742156,134.397656055139
395,98.21325046009773,93.04071595354547,5.172534506552408
396,160.43699956441716,5.168928664103491,155.26807090031426
397,175.94435490022258,175.93789520538752,0.0064596948353312245
398,197.00948420349573,2.2398887609253417e-11,197.00948420347405
399,196.81515644239613,196.8079304882002,0.0072259541961823106
400,41.35294756214642,41.35142931268663,0.0015182494598613696
401,20.676473781073156,2.350800593435157e-12,20.67647378107088
402,36.183829116878115,36.18250064860081,0.0013284682773786983
403,31.2090384327101,20.87003528281388,10.339003149896289
404,36.37815687797837,15.50678599225986,20.87137088571862
405,5.169118445268289,5.877001483587892e-13,5.16911844526772
406,5.169118445268302,5.168928664085829,0.0001897811824826712
407,21.06512930327383,20.87003528281273,0.19509402046114133
408,47.299377051815846,0.7772825058828576,46.52209454593316
409,175.7500271391223,175.7435745789181,0.006452560204410824
410,375.05430289159295,1884.0647422030233,1192.8008742226355
411,774.1673620135414,974.6069155451023,424.29381133156255
412,333.7013553294466,1837.5443842262514,1197.968284637261
413,498.11395414696375,731.1495072852867,235.51447050901956
414,146.080754161523,749.4907539499409,477.3145256252088
415,482.41227105005856,730.9551866588156,220.0071080385855
416,104.7278065993766,708.1393246372543,477.3130073757489
417,173.25402224451284,244.04037013921203,85.39699332108168
418,74.1017514499674,677.1257526527393,477.70052421085455
419,152.77187622454002,244.23469076567906,64.72052667464172
420,10.338236890536608,10.337857328171658,0.0003795623649653424
421,2.6817231031843005,3.0489706944929676e-13,2.681723103184005
422,23.261033003707364,23.26017898838623,0.0008540153211720205
423,10.338236890536578,1.1754002967175789e-12,10.33823689053544
424,31.500530074360597,31.01357198451502,0.4869580898456217
425,20.77363766162331,0.09716031323704684,20.67647734838634
426,3.1675425059350872,2.584464332042981,0.5830781738921121
427,18.674897841739945,0.5829618794102333,18.091935962329778
428,11.407039576588293,1.2969172446865015e-12,11.407039576587037
429,0.6801471638510926,0.6801221926428724,2.49712082214041e-05
430,12.28151450153972,10.337857328171872,1.943657173367868
431,3.9448535503363362,3.94470871732866,0.00014483300768414374
432,4.625000714187417,5.25836974847338e-13,4.625000714186907
433,32.666496640962436,22.327439981334322,10.33905665962819
434,36.12553078854795,7.75339299613197,28.372137792416098
435,25.258301906174044,28.093886233736672,2.243008367050319
436,31.053576223829793,3.530619688260697e-12,31.05357622382638
437,49.005154312632165,44.08647379216852,9.99727321507665
438,47.04675096238543,5.348955109686576e-12,47.04675096238026
439,73.43554426847255,383.7472249819383,245.28636007718669
440,188.80885268506327,188.80192067766123,0.006932007402261777
441,152.4306958070843,1.7330526179422347e-11,152.43069580706756
442,188.0315416406618,146.67320885910183,41.35833278156047
443,157.0168309690517,20.675714656358775,136.34111631269346
444,217.88028574566943,93.8179984594365,124.06228728623357
445,187.05990283516002,82.70285862538503,104.35704420977552
446,315.5105529224659,77.72825058778369,237.78230233468307
447,258.8445777856155,186.08143190709816,72.76314587851803
448,351.5000542782434,51.68928664089245,299.81076763735234
449,356.86350048461287,310.3300404716244,46.53346001298937
450,668.1765737673109,5.168928664161245,663.0076451031522
451,673.734347734781,663.3717546412123,10.3625930935715
452,860.7942505699399,9.786754049511589e-11,860.7942505698452
453,746.684989251838,746.6575751459924,0.027414105848549475
454,1120.4161393999584,1.2738511185629384e-10,1120.416139399833
455,1048.8257922106034,1048.7872851805992,0.03850703000358901
456,1438.6472809778359,1.6356623076427654e-10,1438.647280977669
457,1158.154590605641,1158.1120696322782,0.04252097335940663
458,50.68068009496126,5.762112732780912e-12,50.68068009495568
459,9.910715816115923,9.910351949938992,0.0003638661769404593
460,607.857236721777,594.4267963698709,13.430440351905517
461,877.2926774873574,16.63384562587783,860.6588318614795
462,505.05785109971225,491.04822308815477,14.009628011556734
463,642.8168009437222,35.44408226808595,607.3727186756341
464,316.7153850412909,273.9532191965518,42.762165844735414
465,431.660255732124,46.55922210210996,385.10103363001554
466,198.79729960561906,149.89893125849514,48.89836834712499
467,340.9480568504992,110.91821358875484,230.02984326174266
468,118.61766537563014,15.506785992269137,103.11087938336142
469,217.99688240232996,197.31316411702292,20.683718285307393
470,158.493721953414,1.8019858684264245e-11,158.49372195339663
471,207.85297327289376,207.84534207166158,0.007631201232461054
472,184.53364194085572,2.0980453416597998e-11,184.53364194083548
473,465.8036433574513,465.78654164713345,0.017101710316201682
474,431.4659279710217,4.905528719552708e-11,431.4659279709739
475,491.843563344893,491.8255055940321,0.01805775085953544
476,444.4858879647426,5.053558456169394e-11,444.48588796469335
477,712.2501099848671,712.2239601356239,0.026149849249454436
478,0.0,0.0,0.0
479,36.76681240017905,36.76546252800898,0.001349872170139902
480,10.72689241273723,10.726498581110441,0.0003938316268061447
481,46.716393768514976,26.038963946900882,20.677429821614215
482,46.71639376851491,5.311395325768907e-12,46.71639376850977
483,26.039919987441824,26.038963946898537,0.0009560405433337572
484,36.76681240017896,4.1801830101309375e-12,36.766812400174906
485,47.49370481291622,26.038963946900967,21.454740866015374
486,58.22059722565336,6.61935956572531e-12,58.220597225646955
487,84.26051721309508,9.579954298059061e-12,84.26051721308585
488,265.7626460807868,265.75288875954095,0.009757321246740653
489,265.7626460807867,226.69444283919734,39.06820324159008
490,177.11032146682447,161.5970329719483,15.513288494876566
491,192.61767680262915,122.53858705160664,70.07908975102306
492,171.7468752604556,62.61010584845056,109.13676941200556
493,239.33407057114383,39.058445920370616,200.27562465077406
494,239.3340705711437,2.721095874882276e-11,239.33407057111734
495,372.0210658504365,26.038963946937812,345.9821019034998
496,372.02106585043646,4.2296735489401016e-11,372.0210658503953
497,0.0,0.0,0.0
498,533.5340143661434,835.3192678170608,238.5770092558961
499,514.0040743755618,815.790044856887,238.57629222548857
500,278.3939505523074,252.34476553315548,26.04918501915212
501,161.21431060881892,161.20839171900758,0.005918889811564814
502,88.26366909176167,62.2214645955023,26.042204496259604
503,20.67647378107321,20.675714656343317,0.0007591247299306848
504,31.20903843271006,5.168928664088791,26.040109768621374
505,42.13025860654756,4.789977149029531e-12,42.13025860654292
506,130.78258322050965,1.4869255633288174e-11,130.78258322049527
507,162.18594941431996,1.843964450452052e-11,162.18594941430212
508,99.37921702669958,99.37556837644706,0.0036486502526931613
509,73.33929703925779,67.97335513899394,5.365941900263968
510,62.61240462652051,41.934391192097166,20.6780134344235
511,10.726892412737216,5.3632492905558315,5.363643122181414
512,20.676473781073156,2.350800593435157e-12,20.67647378107088
513,36.57248463907871,26.03896394689973,10.533520692179064
514,15.89601085800549,1.807288426155976e-12,15.896010858003741
515,41.935930845447245,4.7678831584897265e-12,41.93593084544263
516,26.039919987441824,26.038963946898537,0.0009560405433337572
517,0.0,0.0,0.0
518,15.701683096905194,5.363249290556397,10.338433806348842
519,51.69118445268289,5.877001483587892e-12,51.6911844526772
520,77.73110444012462,8.837596215921642e-12,77.73110444011607
521,26.039919987441824,26.038963946898537,0.0009560405433337572
522,0.0,0.0,0.0
523,67.39286754958825,67.39039325958515,0.0024742900031951274
524,46.71639376851496,20.67571465634627,26.04067911216882
525,15.896010858005504,5.1689286640870495,10.727082193918502
526,67.97585083288905,20.675714656348678,47.30013617654057
527,94.01577082033072,1.0689072623157228e-11,94.01577082032038
528,219.0462523122719,219.03821015629862,0.00804215597347621
529,187.6428861184613,166.96028226250397,20.682603855957684
530,114.88657236250447,109.51910507814993,5.36746728435475
531,103.96535218866683,62.61010584844283,41.35524634022431
532,52.079839974883576,26.03896394690149,26.040876027982225
533,72.95064151705697,8.294084048642461e-12,72.95064151704894
534,125.03048149194049,26.038963946909764,98.99151754503114
535,521.5795234346623,304.56466110787625,412.24403884651315
536,560.6394034158249,317.58414308132853,438.2844368542237
537,0.0,0.0,0.0
538,54.37290755586734,54.37091128613589,0.0019962697315282483
539,41.54727532324673,41.545749939156025,0.0015253840907817708
540,98.40757822119795,72.55932192367389,25.848256297524276
541,46.52206600741472,46.52035797677246,0.001708030642344041
542,51.691184452682954,25.844643320432077,25.846541132251016
543,62.02942134321952,20.675714656348006,41.35370668687169
544,113.72060579590232,5.168928664098177,108.55167713180455
545,124.25317044753916,1.412689755115075e-11,124.25317044752549
546,197.00948420349576,5.363249290577021,191.64623491291948
547,217.68595798456886,2.4749688202688572e-11,217.68595798454493
548,125.22480925304106,125.22021169687619,0.004597556165106515
549,104.35400771086756,99.18124774997825,5.172759960889494
550,52.2741677359839,31.596533863925494,20.677633872058536
551,10.532564651636905,5.363249290555809,5.169315361081123
552,31.209038432710045,3.54829488069254e-12,31.20903843270661
553,15.507355335804867,1.7631004450763676e-12,15.507355335803158
554,108.74581511173464,108.74182257227176,0.0039925394630564975
555,82.70589512429284,82.70285862537324,0.0030364989197227406
556,72.75631375595685,67.39039325958576,5.3659204963712055
557,31.403366193810417,20.67571465634453,10.727651537465949
558,15.701683096905194,5.363249290556397,10.338433806348842
559,51.69118445268289,5.877001483587892e-12,51.6911844526772
560,82.90022288539294,5.168928664094671,77.73129422129855
561,114.30358907920322,1.2995685235512779e-11,114.30358907919066
562,140.34350906664494,1.595627996784653e-11,140.3435090666295
563,156.0451921635501,1.7741474403462704e-11,156.04519216353296
564,20.87080154217352,20.870035282812708,0.000766259360851086
565,5.169118445268289,5.877001483587892e-13,5.16911844526772
566,51.88551221378325,20.675714656346855,31.20979755743654
567,56.86030289795118,6.464701631946681e-12,56.86030289794492
568,206.95906557183247,206.95146718990244,0.007598381930227252
569,201.78994712656404,180.91250324300634,20.877443883558062
570,155.46220888024965,149.89893125848963,5.563277621760298
571,155.85086440245013,124.24860856453282,31.602255837917696
572,98.7962337433986,82.70285862537507,16.093375118023754
573,104.35400771086745,62.22146459550413,42.13254311536363
574,42.324586367647974,41.35142931268674,0.9731570549613127
575,47.88236033511683,20.870035282815767,27.012325052301193
576,42.32458636764787,4.812071139569335e-12,42.324586367643214
577,52.75998713873459,5.9985184315568164e-12,52.75998713872879
578,0.0,0.0,0.0
579,39.059879981162695,26.038963946900022,13.020916034262779
580,0.0,0.0,0.0
581,80.45169309552912,54.40977541143273,26.041917684096596
582,111.07774824493814,28.370811464540612,82.70693678039787
583,125.6134647752414,16.867030377555597,108.74643439768626
584,176.91599370572357,11.503781087006821,165.4122126187174
585,217.68595798456894,26.23328457338964,191.45267341118003
586,253.48113157924624,5.363249290583444,248.11788228866374
587,274.15760536031934,3.117020185355565e-11,274.1576053602892
588,46.71639376851503,46.71467860324185,0.0017151652732644422
589,15.507355335804906,15.506785992257488,0.0005693435474480136
590,31.20903843271006,5.168928664088791,26.040109768621374
591,255.23008142915,255.22071080489945,0.009370624250854909
592,229.19016144170817,229.18174685800093,0.00841458370752115
593,202.955913693166,202.948462284633,0.007451408533266986
594,156.0451921635506,150.87053439083653,5.174657772714321
595,114.30358907920353,103.96153516112588,10.342053918077852
596,82.9002228853931,67.3903932595869,15.509829625806354
597,41.54727532324669,20.675714656345683,20.8715606669011
598,36.37815687797837,15.701106618729224,20.67705025924925
599,57.05463065905151,10.337857328176964,46.71677333087474
600,88.45799685286184,5.168928664095303,83.28906818876685
601,130.1995999372087,1.4802973661668758e-11,130.19959993719436
602,166.77208457628728,1.8961062681259895e-11,166.77208457626895
603,213.87713386700278,5.16892866410957,208.708205202894
604,240.1113816155448,2.729933471098197e-11,240.11138161551835
605,266.1513016029866,3.025992944331572e-11,266.15130160295723
606,20.87080154217352,20.870035282812708,0.000766259360851086
607,51.69118445268289,5.877001483587892e-12,51.6911844526772
608,310.14710671609805,310.1357198451499,0.011386870948960277
609,300.19752534776217,274.14753982302113,26.04998552474139
610,269.5714701983531,248.10857587612216,21.462894322231207
611,238.94541504894363,191.44468119765048,47.50073385129371
612,172.71851406595727,144.73000259440644,27.988511471551305
613,162.76893269762118,108.74182257227793,54.02711012534374
614,121.99896841877577,82.70285862537777,39.2961097933984
615,91.37291326936653,26.038963946905934,65.33394932246091
616,77.32301614181398,8.791198835788055e-12,77.32301614180548
617,90.34297613553484,1.0271496201954931e-11,90.3429761355249
618,0.0,0.0,0.0
619,110.5827636112935,106.90547431406102,8.755881991845591
620,78.03286362699127,80.8665103671618,2.244945954442527
621,52.079839974883576,26.03896394690149,26.040876027982225
622,82.7058951242926,9.403202373740628e-12,82.7058951242835
623,114.10926131810294,5.363249290567591,108.74601202753577
624,165.4117902485851,1.8806404747481262e-11,165.41179024856692
625,217.68595798456894,26.23328457338964,191.45267341118003
626,248.31201313397793,0.1943206264976017,248.11769250748125
627,274.15760536031934,3.117020185355565e-11,274.1576053602892
628,1277.9382225478748,1276.7253800291962,1.212842518674961
629,101.90547792100362,101.90173652054915,0.003741400454658377
630,75.86555793356183,75.86277257365063,0.0027853599113246193
631,49.24265466281908,49.24084674734394,0.001807915475229658
632,23.00840691427689,2.3318475176350564,20.676559396641917
633,135.56304614357768,135.55806902504784,0.004977118530071858
634,125.03048149194072,109.51910507815107,15.511376413789893
635,83.2888784075937,62.61010584844047,20.678772559153433
636,77.92543220122505,41.545749939160174,36.37968226206511
637,62.41807686542009,7.096589761385078e-12,62.41807686541322
638,173.05969448341258,264.5217641690836,64.7212715301098
639,209.0491958391903,279.834229534874,85.3983075200972
640,245.42735271716853,253.98958621445195,147.62110771849768
641,255.95991736880538,243.65172888628268,168.49152969830388
642,21.259457064374143,20.67571465634338,0.5837424080308015
643,68.1701785939893,7.75057188136328e-12,68.17017859398182
644,120.05569080777252,25.844643320439825,94.21104748733309
645,172.13553078265588,1.9570856820158485e-11,172.13553078263698
646,198.1754507700976,2.253145155249224e-11,198.17545077007583
647,784.2291126964183,780.5082282769596,3.7208844194604023
648,206.95906557183224,165.60003787722061,41.359027694612124
649,196.42650092019528,149.89893125849434,46.52756966170148
650,175.94435490022232,124.0542879380657,51.89006696215708
651,145.31829975081317,88.06610791593492,57.25219183487863
652,129.81094441500824,62.02714396903767,67.78380044597102
653,99.18488926559908,26.03896394690683,73.14592531869256
654,94.21009858143103,1.0711166613697032e-11,94.21009858142068
655,126.75999856573321,6.509740986738313,120.25025757899539
656,0.0,0.0,0.0
657,118.98688812172108,118.98251958720871,0.00436853451256164
658,105.96692812800015,105.96303761375945,0.003890514240894761
659,88.26366909176167,62.2214645955023,26.042204496259604
660,98.21325046009756,36.182500648607885,62.03074981149002
661,124.05884268643891,15.506785992269835,108.55205669416952
662,155.4622088802492,10.532177954657534,144.93003092559223
663,196.42650092019483,5.168928664107584,191.25757225608797
664,206.95906557183167,2.3530099924891385e-11,206.9590655718089
665,28.76050864284618,28.759452717470015,0.001055925376219374
666,44.07353621755067,2.7204887705761918,41.353047446974635
667,188.42019716286265,188.41327942472245,0.006917738140420976
668,162.18594941432033,136.3353515309284,25.85059788339235
669,110.10610943943679,110.1020669575575,0.004042481879499303
670,63.19538790982143,37.348424407420104,25.846963502401497
671,21.453784825474415,5.946211169965162,15.507573655509322
672,193.372702896493,1067.7665568729099,746.6929341440233
673,182.84013824485598,1026.2208069337582,777.7061194315388
674,146.65630912797792,1005.3507716509425,762.3923255974752
675,415.40805902267124,741.4873646134479,142.47071805656557
676,430.7210865973758,736.1241153228949,163.14699492182302
677,162.91578535397633,264.5217641690824,54.57736240067466
678,204.26873291612256,243.6517288862768,116.80034524562674
679,251.17945444573778,264.3274435426231,143.03535211889582
680,303.2592944206212,243.65172888628805,215.7909067501145
681,329.4935421691633,243.65172888629104,242.02515449865362
682,22.61975139207632,20.67571465634353,1.9440367357328334
683,12.670170023740319,1.440528183195228e-12,12.670170023738923
684,38.710090011182075,4.4011229155289785e-12,38.71009001117781
685,181.1134733454909,181.10682386947335,0.006649476017813896
686,160.2426718033173,155.06785992257542,5.1748118807422
687,124.44749820863981,113.91075123635878,10.536746972281268
688,93.04413201482939,77.53392996128916,15.5102020535404
689,67.39286754958822,51.689286640860075,15.703580908728277
690,54.76156307806785,13.019481973454015,41.74208110461401
691,0.0,0.0,0.0
692,12.92279611317076,12.922321660214573,0.000474452956206678
693,10.629728532187046,0.19432062647057854,10.435407905716504
694,41.35294756214631,5.168928664089945,36.18401889805652
695,52.0798399748835,0.1943206264752912,51.885519348408394
696,93.04413201482916,1.0578602670458207e-11,93.04413201481893
697,113.9149335570026,1.295149725443317e-11,113.91493355699006
698,79.67438205112795,79.67145685245072,0.002925198677364482
699,53.634462063686136,53.6324929055522,0.0019691581340307244
700,89.62396341946388,68.94495827134261,20.679005148121433
701,78.8970710067266,37.542745033891265,41.354325972835575
702,109.52312615613586,109.51910507814932,0.004021077986738101
703,104.1596799497672,83.48014113125313,20.67953881851428
704,52.07983997488365,52.07792789379707,0.0019120810866675147
705,46.716393768514976,26.038963946900882,20.677429821614215
706,10.532564651636903,5.168928664086439,5.363635987550493
707,20.676473781073184,10.337857328172834,10.338616452900403
708,157.55233914760768,249.0149781768261,64.72070218656236
709,193.54184050338543,264.32744354261655,85.39773817654975
710,240.25823427190022,243.6517288862809,152.78984660140046
711,266.29815425934197,243.65172888628385,178.82976658883933
712,103.96535218866694,103.37857328171663,0.5867789069505243
713,88.84665237506266,82.70285862537396,6.143793749688893
714,52.85715101928481,20.675714656346962,32.181436362937994
715,22.23109586987565,2.5275525177535904e-12,22.2310958698732
716,68.9474896383906,20.675714656348784,48.271774982042025
717,38.321434488981446,4.35693493444937e-12,38.32143448897723
718,0.0,0.0,0.0
719,36.57248463907871,26.03896394689973,10.533520692179064
720,0.0,0.0,0.0
721,10.435400771086734,1.186447291987481e-12,10.435400771085584
722,0.0,0.0,0.0
723,39.059879981162695,26.038963946900022,13.020916034262779
724,0.0,0.0,0.0
725,168.52103442619065,168.5148472742567,0.006187151934171894
726,137.11766823238008,116.436919380462,20.680748851918377
727,85.03782825749656,85.03470614300593,0.0031221144907675547
728,94.98740962583247,74.30820756189783,20.679202063934834
729,42.90756965094891,42.905994324441764,0.0015753265072245793
730,73.53362480035804,52.85521039967699,20.678414400681227
731,88.65232461396218,21.452997162228503,67.19932745173396
732,137.08523590178999,665.2386761212874,417.48051951742616
733,111.0453159143481,618.5239975180478,438.1552781332237
734,69.69236835220173,592.4850335711475,422.8412945179775
735,286.4801990851395,492.66670706309435,106.18017445360658
736,301.79322665984404,487.30345777254144,126.85645131886409
737,103.38236890536601,103.37857328171654,0.0037956236496534254
738,88.06934133066142,82.70285862537385,5.3664827052877335
739,78.11975996232536,41.351429312690826,36.76833064963477
740,42.32458636764792,20.675714656345768,21.64887171130226
741,53.05147878038507,6.031659417366521e-12,53.051478780379234
742,84.4548449741954,9.602048288598866e-12,84.45484497418613
743,115.85821116800571,1.3172437159831212e-11,115.858211167993
744,147.26157736181602,1.6742826031063558e-11,147.26157736179982
745,0.0,0.0,0.0
746,13.019959993720878,1.4802973661668757e-12,13.019959993719445
747,0.0,0.0,0.0
748,245.28050006081406,245.27149472966653,0.00900533114773037
749,219.2405800733722,219.232530782768,0.008049290604396611
750,187.8372138795616,167.15460288897336,20.682610990588604
751,141.1208201110466,141.11563894207245,0.005181168974395331
752,109.71745391723613,89.03771104827774,20.679742868958606
753,63.00106014872119,62.99874710137689,0.002313047344394061
754,41.935930845447324,31.59653386392432,10.339396981523095
755,46.91072152961529,26.233284573370273,20.677436956245135
756,46.71639376851491,5.311395325768907e-12,46.71639376850977
757,27.569538062499912,253.92215724477728,178.91907784783263
759,590.4914811446448,892.2746434352395,238.57910041621886
760,56.9574667785015,56.955375618178806,0.002091160322769584
761,56.9574667785015,56.955375618178806,0.002091160322769584
762,2.584559222634152,2.5844643320429146,9.48905912413356e-05
763,13.68757026957169,2.2899598579550666,12.865498956877765
764,66.44755740830627,2.289959857961065,65.6254860956066
765,66.44755740830627,2.289959857961065,65.6254860956066
766,156.79053354384106,2.2899598579713367,155.9684622311314
767,156.79053354384106,2.2899598579713367,155.9684622311314
768,134.494243457526,134.48930557946622,0.004937878060009654
769,134.494243457526,134.48930557946622,0.004937878060009654
770,15.507355335804911,15.506785992257488,0.0005693435474480136
771,15.507355335804911,15.506785992257488,0.0005693435474480136
772,2.584559222634152,2.5844643320429146,9.48905912413356e-05
773,0.0,0.0,0.0
774,10.435400771086734,1.186447291987481e-12,10.435400771085584
775,10.435400771086734,1.186447291987481e-12,10.435400771085584
776,23.45536076480761,2.666744658154357e-12,23.45536076480503
777,23.45536076480761,2.666744658154357e-12,23.45536076480503
778,103.38236890536602,103.37857328171654,0.0037956236496534254
779,65.48845549080521,65.4860511201851,0.0024043706201751953
780,52.46849549708429,52.46656914673585,0.0019263503485083175
781,13.40861551592154,13.408123226388051,0.000492289533507681
782,2.9732147448347686,0.38864125293907803,2.584573491895701
783,15.798846977455336,0.2914809397058512,15.507366037749538
784,18.09191455843901,2.056950519255763e-12,18.09191455843702
785,72.8534776365068,8.283037053372562e-12,72.85347763649878
786,85.87343763022767,9.763334419539437e-12,85.8734376302182
787,212.6334361959608,2.4175244448653667e-11,212.63343619593738
788,186.89527539538625,189.72492531531526,2.248942774684136
789,76.3125117840926,76.30971001453024,0.002801769562441541
790,63.29255179037168,63.290228041080965,0.0023237492907746625
791,24.232671809208924,24.231782120733186,0.0008896884757740265
792,13.79727103812216,11.212300147284212,2.5849708908379667
793,20.870801542173467,0.19432062647174292,20.6764809157018
794,33.69643377479403,3.831097959602033e-12,33.69643377479032
795,594.3358371906189,304.5646611078845,485.00035260246176
796,613.8657771812002,311.07440209461066,498.02055160631704
798,0.0,0.0,0.0
799,235.61012382325507,537.4063153768368,238.56607115323192
800,196.55024384209236,498.34786945648904,238.56463709241692
801,139.689940944141,441.29533352507553,238.75687012587895
802,5.94642948966955,5.168928664085918,0.7775008255836438
803,11.504203457138448,1.3079642399564033e-12,11.50420345713718
804,50.56408343830107,5.74885633845703e-12,50.564083438295505
805,64.61398056585361,7.346251854484865e-12,64.61398056584649
806,97.16388055015577,1.1046995269902057e-11,97.16388055014507
807,33.230047148153375,33.22882712626604,0.001220021887388601
808,0.6801471638510926,0.6801221926428724,2.49712082214041e-05
809,18.383406200089528,18.38273126400449,0.000674936085069951
810,31.014710671609816,31.013571984514975,0.0011386870948960272
811,0.2914916416504675,3.3140985809706173e-14,0.2914916416504354
812,3.1675425059350797,3.6013204579880705e-13,3.167542505934731
813,39.74002714501373,4.51822106538994e-12,39.74002714500935
814,78.79990712617634,8.959113163890565e-12,78.79990712616767
815,5.169118445268289,5.877001483587892e-13,5.16911844526772
816,31.209038432710045,3.54829488069254e-12,31.20903843270661
817,0.0,0.0,0.0
818,31.403366193810424,26.038963946899145,5.364402246911344
819,0.0,0.0,0.0
820,63.38971567092181,63.387388354315675,0.0023273166062348634
821,26.81723103184303,11.309460460520379,15.507770571322723
822,21.259457064374143,21.25867653575149,0.0007805286226918885
823,10.532564651636891,0.1943206264705675,10.33824402516636
824,36.18382911687802,4.113901038511525e-12,36.18382911687404
825,26.234247748542067,2.9826887228735547e-12,26.234247748539183
826,31.209038432710045,3.54829488069254e-12,31.209038432706613
827,31.014710671609816,31.013571984514975,0.0011386870948960272
828,56.96773432371746,59.80215445787971,2.2441725604507554
829,87.59378947312662,90.42708518945588,2.245296978283811
830,7.1420963775974515,9.978345831127603,2.242343241082765
831,1.584322410128524,4.420775914102992,2.2421391906384414
832,2.8635139762843385,2.289959857953836,2.0414426635916048
833,123.98825784723583,425.78854753281803,238.5619730212312
834,360.1708850647437,304.5646611078579,250.83540047661236
835,412.05639727852684,304.5646611078638,302.7209126903897
836,15.507355335804867,1.7631004450763676e-12,15.507355335803158
837,132.6869952792929,65.09740986725399,67.58958541203927
838,0.0,0.0,0.0
839,72.95064151705716,72.94796317660976,0.002678340447518601
840,20.87080154217352,20.870035282812708,0.000766259360851086
841,15.701683096905217,15.506785992257509,0.19489710464773827
842,5.363446206368614,5.168928664085851,0.19451754228277293
843,67.39286754958806,7.662195919204063e-12,67.39286754958066
844,36.76681240017896,4.1801830101309375e-12,36.76681240017491
845,77.53677667902431,8.815502225381838e-12,77.53677667901579
846,46.91072152961522,5.333489316308711e-12,46.91072152961006
847,10.921220173837543,10.920819207579832,0.0004009662577265459
848,41.54727532324667,20.870035282815053,20.67724004043173
849,15.701683096905217,15.506785992257509,0.19489710464773827
850,47.1050492907156,25.844643320431555,21.260405970284165
851,6.140757250769848,6.981701010578097e-13,6.14075725076917
852,11.69853121823876,1.3300582304962073e-12,11.69853121823747
853,0.0,0.0,0.0
854,31.403366193810424,26.038963946899145,5.364402246911344
855,0.0,0.0,0.0
856,46.71639376851491,5.311395325768907e-12,46.71639376850977
857,0.0,0.0,0.0
858,31.403366193810424,26.038963946899145,5.364402246911344
859,0.0,0.0,0.0
860,52.07983997488353,5.363249290560535,46.71659068432317
861,82.7058951242926,9.403202373740628e-12,82.7058951242835
862,31.98634947711137,31.98517511686193,0.0011743602494980333
863,11.115547934937844,5.946211169963986,5.1693367649738855
864,46.91072152961527,21.06435590928503,25.84636562033037
865,15.507355335804867,1.7631004450763676e-12,15.507355335803158
866,31.014710671609734,3.5262008901527357e-12,31.01471067160632
867,42.13025860654766,42.1287118185642,0.0015467879835429745
868,10.72689241273723,10.726498581110441,0.0003938316268061447
869,20.67647378107321,20.675714656343317,0.0007591247299306848
870,6.1407572507698625,6.14053179643279,0.000225454337084677
871,0.5829832833009365,0.5829618794081763,2.1403892761203514e-05
872,31.209038432710102,20.870035282813884,10.33900314989629
873,20.870801542173467,2.372894583974961e-12,20.87080154217117
874,0.0,0.0,0.0
875,67.58719531068843,15.506785992263415,52.08040931842523
876,20.87080154217352,20.870035282812708,0.000766259360851086
877,10.338236890536605,10.337857328171658,0.0003795623649653424
878,62.22374910431983,20.870035282817398,41.35371382150261
879,10.532564651636916,10.33785732817168,0.1947073234652556
880,5.557773967468926,5.168928664085874,0.3888453033830632
881,62.61240462652045,20.67571465634807,41.93668997017256
882,11.309875696038137,1.2858702494165992e-12,11.30987569603689
883,41.35294756214642,41.35142931268663,0.0015182494598613696
884,0.5829832833009365,0.5829618794081763,2.1403892761203514e-05
885,0.19432776110031216,0.1943206264693921,7.1346309204011715e-06
886,26.03991998744181,20.870035282813294,5.169884704628571
887,15.507355335804867,1.7631004450763676e-12,15.507355335803158
888,26.42857550964243,20.870035282813337,5.558540226829152
889,15.507355335804867,1.7631004450763676e-12,15.507355335803158
890,88.65232461396225,26.03896394690565,62.61336066705687
891,0.0,0.0,0.0
892,72.75631375595674,31.402213237458447,41.3541005184985
893,0.0,0.0,0.0
894,0.19432776110031216,0.1943206264693921,7.1346309204011715e-06
895,46.522066007414615,5.168928664090533,41.35313734332424
896,10.7268924127372,1.2195882777971866e-12,10.72689241273602
897,20.67647378107321,20.675714656343317,0.0007591247299306848
898,0.0,0.0,0.0
899,5.169118445268289,5.877001483587892e-13,5.16911844526772
900,20.67647378107321,20.675714656343317,0.0007591247299306848
901,0.0,0.0,0.0
902,31.403366193810424,26.038963946899145,5.364402246911344
903,0.0,0.0,0.0
904,26.039919987441824,26.038963946898537,0.0009560405433337572
905,0.0,0.0,0.0
906,26.03991998744177,5.363249290557573,20.676670696884283
907,0.0,0.0,0.0
908,20.870801542173467,2.372894583974961e-12,20.87080154217117
909,5.752101728569238,5.363249290555266,0.3888524380139836
910,0.7773110444012467,8.837596215921647e-14,0.777311044401161
911,31.986349477111307,5.16892866408888,26.817420813022533
912,62.418076865420254,62.41578522196872,0.0022916434516328573
913,46.71639376851503,46.71467860324185,0.0017151652732644422
914,0.0,0.0,0.0
915,0.0,0.0,0.0
916,52.07983997488362,41.545749939157226,10.53409003572651
917,0.0,0.0,0.0
918,10.7268924127372,1.2195882777971866e-12,10.72689241273602
919,0.0,0.0,0.0
920,52.07983997488365,52.07792789379707,0.0019120810866675147
921,41.35294756214631,4.701601186870314e-12,41.35294756214176
922,93.2384597759295,10.532177954650457,82.70628182127939
923,124.05884268643885,1.4104803560610946e-11,124.05884268642521
924,165.80044577078573,0.1943206264882206,165.60612514429812
925,191.84036575822748,5.168928664107063,186.6714370941211
926,207.5420488551326,2.3596381896510797e-11,207.54204885510975
927,26.039919987441824,26.038963946898537,0.0009560405433337572
928,0.0,0.0,0.0
929,26.039919987441756,2.9605947323337505e-12,26.03991998743889
930,41.54727532324673,41.545749939156025,0.0015253840907817708
931,20.67647378107321,20.675714656343317,0.0007591247299306848
932,0.0,0.0,0.0
933,20.67647378107321,20.675714656343317,0.0007591247299306848
934,10.7268924127372,1.2195882777971866e-12,10.72689241273602
935,0.0,0.0,0.0
936,0.0,0.0,0.0
937,0.0,0.0,0.0
938,20.676473781073156,2.350800593435157e-12,20.67647378107088
939,46.71639376851491,5.311395325768907e-12,46.71639376850977
940,15.507355335804906,15.506785992257488,0.0005693435474480136
941,26.039919987441824,26.038963946898537,0.0009560405433337572
942,0.0,0.0,0.0
943,46.91072152961529,26.038963946900903,20.871757582714505
944,0.0,0.0,0.0
945,41.741603084346984,20.870035282815074,20.87156780153202
946,10.338236890536578,1.1754002967175785e-12,10.33823689053544
947,15.507355335804867,1.7631004450763676e-12,15.507355335803158
948,41.54727532324662,4.723695177410118e-12,41.54727532324205
949,67.39286754958825,67.39039325958515,0.0024742900031951274
950,41.35294756214642,41.35142931268663,0.0015182494598613696
951,5.363446206368601,6.097941388985933e-13,5.36344620636801
952,20.676473781073156,2.3508005934351578e-12,20.67647378107088
953,46.71639376851491,5.311395325768908e-12,46.71639376850977
954,62.806732387620876,62.8044264749075,0.0023059127134736597
955,36.76681240017905,36.76546252800898,0.001349872170139902
956,46.716393768514976,26.038963946900882,20.677429821614215
957,46.71639376851503,46.71467860324185,0.0017151652732644422
958,15.507355335804906,15.506785992257488,0.0005693435474480136
959,46.91072152961529,26.038963946900903,20.871757582714505
960,0.0,0.0,0.0
961,41.35294756214636,20.67571465634566,20.67723290580081
962,5.363446206368601,6.097941388985933e-13,5.36344620636801
963,0.0,0.0,0.0
964,41.35294756214636,20.67571465634566,20.67723290580081
965,5.363446206368601,6.097941388985933e-13,5.36344620636801
966,31.403366193810356,3.570388871232344e-12,31.4033661938069
967,0.0,0.0,0.0
968,77.53677667902437,20.675714656349765,56.86106202267485
969,26.234247748542067,2.9826887228735547e-12,26.23424774853918
970,10.72689241273723,10.726498581110441,0.0003938316268061447
971,41.35294756214636,20.67571465634566,20.67723290580081
972,0.3886555222006233,4.4187981079608236e-14,0.3886555222005805
973,21.25945706437409,2.4170825650545695e-12,21.25945706437175
974,82.70589512429282,82.70285862537324,0.00303649891972274
975,67.39286754958825,67.39039325958515,0.0024742900031951274
976,20.67647378107321,20.675714656343317,0.0007591247299306848
977,108.94014287283466,5.363249290567003,103.57689358226804
978,139.5661980222437,1.5867904005687314e-11,139.56619802222835
979,160.24267180331682,1.8218704599122473e-11,160.2426718032992
980,186.28259179075854,2.1179299331456226e-11,186.28259179073805
981,21.06512930327383,21.0643559092821,0.0007733939917714872
982,10.532564651636891,0.1943206264705675,10.33824402516636
983,31.014710671609734,3.5262008901527357e-12,31.01471067160632
984,63.00106014872119,62.99874710137689,0.002313047344394061
985,10.72689241273723,10.726498581110441,0.0003938316268061447
986,41.35294756214631,4.701601186870314e-12,41.35294756214176
987,10.7268924127372,1.2195882777971866e-12,10.72689241273602
988,10.338236890536605,10.337857328171658,0.0003795623649653424
989,20.870801542173467,2.372894583974961e-12,20.87080154217117
990,67.39286754958825,67.39039325958515,0.0024742900031951274
991,41.35294756214642,41.35142931268663,0.0015182494598613696
992,5.363446206368601,6.097941388985933e-13,5.36344620636801
993,5.363446206368614,5.363249290555221,0.00019691581340307236
994,41.35294756214642,41.35142931268663,0.0015182494598613696
995,5.557773967468926,5.363249290555244,0.19452467691369332
996,20.676473781073156,2.350800593435157e-12,20.67647378107088
997,0.0,0.0,0.0
998,10.726892412737216,5.3632492905558315,5.363643122181414
999,20.676473781073156,2.350800593435157e-12,20.67647378107088
1000,5.363446206368601,6.097941388985933e-13,5.36344620636801
1001,892.8388983753811,1.165923758917731,891.672974616466
1002,36.57248463907874,36.57114190153959,0.0013427375392195007
1003,10.72689241273723,10.726498581110441,0.0003938316268061447
1004,1.16596656660187,1.3256394323882472e-13,1.1659665666017416
1005,1416.9214372868196,0.5829618795692061,1416.3384754072472
1006,26.039919987441824,26.038963946898537,0.0009560405433337572
1007,0.0,0.0,0.0
1009,26.234247748542135,26.03896394689856,0.19528380164362402
1010,0.0,0.0,0.0
1011,5.363446206368601,6.097941388985933e-13,5.36344620636801
1012,26.039919987441824,26.038963946898537,0.0009560405433337572
1013,0.0,0.0,0.0
1014,46.716393768514926,5.363249290559925,41.35314447795516
1015,0.0,0.0,0.0
1016,0.0,0.0,0.0
1017,52.07983997488353,5.363249290560535,46.71659068432317
1018,0.0,0.0,0.0
1019,52.07983997488351,0.1943206264752912,51.88551934840841
1020,0.0,0.0,0.0
1021,0.0,0.0,0.0
1022,26.039919987441756,2.9605947323337505e-12,26.03991998743889
1023,0.0,0.0,0.0
1024,26.62290327074269,0.5829618794111369,26.03994139133165
1025,51.885512213783336,51.883607267327676,0.0019049464557471135
1026,0.0,0.0,0.0
1027,46.910721529615344,46.71467860324187,0.1960429263735547
1028,0.0,0.0,0.0
1029,5.363446206368601,6.097941388985933e-13,5.36344620636801
1030,51.691184452683,41.35142931268781,10.339755139995301
1031,15.701683096905178,1.7851944356161718e-12,15.701683096903448
1032,10.338236890536605,10.337857328171658,0.0003795623649653424
1033,10.338236890536605,10.337857328171658,0.0003795623649653424
1034,46.522066007414615,5.168928664090533,41.35313734332424
1035,5.169118445268289,5.877001483587892e-13,5.16911844526772
1036,46.91072152961524,5.363249290559947,41.54747223905545
1037,0.0,0.0,0.0
1038,0.0,0.0,0.0
1039,26.23424774854212,20.870035282813316,5.364212465728861
1040,10.338236890536578,1.1754002967175785e-12,10.33823689053544
1041,20.870801542173467,2.372894583974961e-12,20.87080154217117
1042,20.87080154217352,20.870035282812708,0.000766259360851086
1043,10.338236890536592,5.168928664086417,5.169308226450203
1044,20.87080154217352,20.675714656343338,0.19508688583022094
1045,5.557773967468913,6.318881294383974e-13,5.5577739674683
1046,5.363446206368614,5.363249290555221,0.00019691581340307236
1047,41.54727532324662,0.1943206264740937,41.35295469677268
1048,5.169118445268289,5.877001483587892e-13,5.16911844526772
1049,0.0,0.0,0.0
1050,41.741603084346984,20.870035282815074,20.87156780153202
1051,15.507355335804881,5.168928664087005,10.338426671717922
1052,20.870801542173467,0.19432062647174292,20.6764809157018
1053,41.35294756214642,41.35142931268663,0.0015182494598613696
1054,5.363446206368601,6.097941388985933e-13,5.36344620636801
1055,0.0,0.0,0.0
1056,5.169118445268302,5.168928664085829,0.0001897811824826712
1057,20.67647378107321,20.675714656343317,0.0007591247299306848
1058,10.726892412737216,5.3632492905558315,5.363643122181414
1059,0.0,0.0,0.0
1060,46.71639376851491,5.311395325768907e-12,46.71639376850977
1061,0.0,0.0,0.0
1062,21.065129303273793,5.3632492905570075,15.701880012716853
1063,56.86030289795118,6.464701631946681e-12,56.86030289794492
1064,10.726892412737216,5.3632492905558315,5.363643122181414
1065,20.67647378107321,20.675714656343317,0.0007591247299306848
1066,15.701683096905178,1.7851944356161718e-12,15.701683096903452
1067,5.169118445268302,5.168928664085829,0.0001897811824826712
1068,5.363446206368614,5.363249290555221,0.00019691581340307236
1069,20.676473781073156,2.350800593435157e-12,20.67647378107088
1070,26.03991998744181,20.675714656343924,5.36420533109794
1071,10.7268924127372,1.2195882777971866e-12,10.72689241273602
1072,5.363446206368614,5.363249290555221,0.00019691581340307236
1073,141.12310818225546,328.2250189982105,353.2603518908581
1074,52.089556362938666,52.08764392512054,0.0019124378182135352
1075,19.815860394597458,246.16876424864853,178.9187931760589
1076,214.2183142844585,243.6517288862779,126.74992661396155
1077,19.815860394597458,246.16876424864853,178.9187931760589
1078,214.2183142844585,243.6517288862779,126.74992661396155
1079,198.80130611922664,1066.5042362397173,640.8539564075845
1080,106.63631109059075,185.82361827182817,43.028791425211
1081,3.708056931207686,6.869879573860953,1.2418429931300208
1082,41.37673961563555,70.16739704294578,25.490955960473684
1083,4.944075908276915,9.159839431814603,1.6557906575066943
1084,0.9932762102555116,12.339286428503685,8.968360560203454
1085,4.944075908276915,9.159839431814603,1.6557906575066943
1086,14.452168859217693,179.5366175347286,130.48964615096025
1087,73.17232344249834,135.56562359085615,24.50570173109908
1088,14.452168859217693,179.5366175347286,130.48964615096025
1089,73.17232344249834,135.56562359085615,24.50570173109908
1090,21.05745565741685,261.59287228427814,190.1292438763132
1091,0.0,0.0,0.0
1092,32.87810479004148,60.91293222156713,11.011007872419519
1093,166.86256190434585,309.14458082374296,55.88293469085094
1094,0.0,0.0,0.0
1095,0.2483190525638779,3.0848216071259213,2.2420901400508635
1096,41.86780143501314,63.20289207952166,19.17863320469777
1097,131.51241916016593,243.65172888626853,44.044031489678076
1098,60.59597205349566,656.4500379963969,484.87045947072534
1099,13.458892648962182,167.19733110622494,121.52128559075679
1100,34.11412376711071,63.20289207952078,11.424955536796192
1101,6.6052867981991525,82.05625474954951,59.639597725352964
1102,151.32827955476338,489.82049313491706,222.962824665737
1103,0.0,0.0,0.0
1104,34.11412376711071,63.20289207952078,11.424955536796192
1105,6.6052867981991525,82.05625474954951,59.639597725352964
1106,26.42114719279661,328.22501899819804,238.55839090141185
1107,178.32597680923112,290.4635678027451,44.0457502222668
1108,154.21565903477992,984.6750569946026,790.6273901606174
1109,394.5372574804977,730.9551866588056,132.13209446903423
1110,13.458892648962182,167.19733110622494,121.52128559075679
1111,131.51241916016593,243.65172888626853,44.044031489678076
1112,46.48532663995795,577.4786048539726,419.7192742175217
1113,68.22824753422142,126.40578415904156,22.849911073592384
1114,6.6052867981991525,82.05625474954951,59.639597725352964
1115,263.02483832033187,487.30345777253706,88.08806297935615
1116,46.733645692521826,580.5634264610985,421.96136435757256
1117,199.74066669438733,370.0575130453101,66.89394256327046
1118,106.05042823253982,196.47855581242328,35.5167096035186
1119,21.05745565741685,261.59287228427814,190.1292438763132
1120,58.14358518530858,64.75135547347722,43.18998841306848
1121,32.77626536654804,183.7550754462739,129.41121337693176
1122,60.38200166355497,61.86191468445977,29.583446457267485
1123,34.36620312957494,185.40314922568783,137.00974643798295
1124,71.2185856721554,62.67532822408058,32.764494789870284
1125,41.78591269036717,193.0941601962861,172.46956738955515
1126,87.47346168505607,63.8954485335118,37.53606728877447
1127,45.4957674707633,196.93966568158524,190.1994778653413
1128,116.37101904132389,66.06455130583396,46.01886284238192
1129,50.79556001418632,202.43324494629832,215.52792140217863
1130,0.0,0.0,0.0
1131,0.0,0.0,0.0
1132,8.99168334142903,5.84732732576032,26.769671831216282
1133,18.332566931842823,1.376075536952509,5.38147274312504
1134,15.548585251054767,2.224572346357187,9.497525909260208
1135,4.807949970305804,1.3800468516084632,6.1659009126285875
1136,13.467288914351531,6.5922951176565086,37.50167010644792
1137,24.051061550979675,99.50138899083919,59.64023823684384
1138,138.70933897684475,540.379117290776,541.5980202174466
1139,0.0,0.0,0.0
1140,0.0,0.0,0.0
1141,0.0,0.0,0.0
1142,10.836584008600425,0.8134135396208164,3.1810483326028014
1143,29.93785066070467,31.03252707954092,143.0771400693677
1144,4.239834034738422,4.3948634117704675,20.262754829469873
1145,2.119917017369211,2.1974317058852337,10.131377414734937
1146,7.292287735110811,0.5473722691433313,2.1406302689319605
1147,514.4714337157732,283.32402282256106,219.4638673472458
1148,156.83199020790846,126.40578415905163,111.45365374726973
1149,74.39932376513053,309.25975863337163,185.64704024570807
1150,0.0,0.0,0.0
1151,0.0,0.0,0.0
1152,0.0,0.0,0.0
1153,0.0,0.0,0.0
1154,0.0,0.0,0.0
1155,0.0,0.0,0.0
1156,0.0,0.0,0.0
1157,0.0,0.0,0.0
1158,7.7536776679024335,8.81550222538184e-13,7.753677667901579
1159,2.681723103184308,2.6816246452776107,9.845790670153618e-05
1160,0.0,0.0,0.0
1161,0.0,0.0,0.0
1162,0.0,0.0,0.0
1163,0.0,0.0,0.0
1164,0.0,0.0,0.0
1165,3.1798755260538165,3.2961475588278506,15.197066122102406
1166,28.778271991429406,29.830548458464598,137.5353527992777
1167,76.67086881272934,5.755053690099159,22.506514894580725
1168,6.43944718058016,6.674905332162664,30.775011094382815
1169,58.47409867297421,4.3891713052722245,17.16490491251587
1170,3.612194669533475,0.2711378465402721,1.0603494442009338
1171,43.88952320275259,3.2944267669855614,12.883644374651949
1172,10.719129279554846,11.111073851186612,51.2282053489417
1173,32.91714240206445,2.470820075239171,9.662733280988961
1174,0.0,0.0,0.0
1175,51.11391254181954,3.8367024600661055,15.004343263053817
1176,6.359751052107633,6.5922951176557,30.39413224420481
1177,40.209430137175254,3.0181923443825025,11.803363549920922
1178,3.612194669533475,0.2711378465402721,1.0603494442009338
1179,25.624854666953638,1.9234478060958402,7.522103012057001
1180,7.22438933906695,0.5422756930805442,2.1206988884018676
1181,0.0,0.0,0.0
1182,0.1793162890631853,0.18587298264066834,0.8569774129005121
1183,65.63058961599731,4.926350422289982,19.265672420387645
1184,3.691890798006002,0.35374806104723583,1.4412282943789392
1185,30.229109449127858,3.2882049295159415,13.628209783095311
1186,88.81685742140459,137.75908398208549,33.852650976330466
1187,26.917847769574475,180.94777634146587,144.55980139551923
1188,259.17346459084996,264.1608968264812,144.5218765540967
1189,96.9127043994281,497.0541902925981,341.84610724159063
1190,343.00082434660266,270.4531296335982,169.12915895654933
1191,102.43166129615057,502.77494764720547,368.2219676164175
1192,412.31150702817763,275.65571447849146,189.4751122016681
1193,107.77130190380984,508.3098320191721,393.7408505783439
1194,507.1791459806625,282.7766505534178,217.32323707831384
1195,138.70933897684475,540.379117290776,541.5980202174466
1196,0.0,0.0,0.0
1197,138.70933897684475,540.379117290776,541.5980202174466
1198,0.0,0.0,0.0
1199,0.0,0.0,0.0
1200,2.119917017369211,2.1974317058852337,10.131377414734937
1201,7.292287735110811,0.5473722691433313,2.1406302689319605
1202,19.119101220559163,19.81819046022059,91.37283615770345
1203,7.292287735110811,0.5473722691433313,2.1406302689319605
1204,7.4197095607922385,7.6910109705983185,35.45982095157228
1205,0.0,0.0,0.0
1206,3.239647622408212,3.358105219708073,15.482725259735915
1207,21.876863205332437,1.6421168074299939,6.421890806795882
1208,2.9059039076876063,1.2755898834662347,5.786302854556938
1209,15.114554724563927,1.644102464757971,6.8141048915476565
1210,16.704492487590834,3.292176244171896,14.412637952598859
1211,7.2642374033032135,0.5835808003340262,2.3111383134908703
1212,0.0,0.0,0.0
1213,4.239834034738422,4.3948634117704675,20.262754829469873
1214,0.0,0.0,0.0
1215,3.21972359029008,3.3374526660813326,15.38750554719141
1216,0.0,0.0,0.0
1217,2.119917017369211,2.1974317058852337,10.131377414734937
1218,0.0,0.0,0.0
1219,0.0,0.0,0.0
1220,0.0,0.0,0.0
1221,10.836584008600425,0.8134135396208164,3.1810483326028014
1222,25.698016625966247,26.637663667770447,122.81438523989776
1223,10.836584008600425,0.8134135396208164,3.1810483326028014
1224,9.639246738752108,9.991705444617256,46.06729692902973
1225,0.0,0.0,0.0
1226,4.299606131092817,4.45682107265069,20.548413967103382
1227,11.04027919673201,0.8287032678091776,3.2408424741930797
1228,3.965862416372212,2.374305736408852,10.851991561924407
1229,4.2779707159635025,0.8306889251371546,3.633056558944854
1230,94.0858399356815,21.32315937038139,79.97181594951314
1231,78.48012966553105,104.10794877730692,33.512267907175705
1232,929.8680532530473,1.0572084943248912e-10,929.8680532529444
1233,1442.2326281701385,1019.3671423331859,422.86548583695003
1234,512.4617387976328,5.82640624525174e-11,512.4617387975748
1235,485.6930897060667,485.6752577662761,0.017831939790904673
1236,1260.583082699408,1640.5085916278776,652.8385430688297
1237,1819.4328380070754,559.8350602978255,1256.1316024095624
1238,1773.0448214970475,1640.5085916279368,1165.300281866409
1239,2305.1259277131453,1045.5103180640988,1256.1494343493578
1240,542.1412610324135,904.8974683245581,542.3966934145203
1241,674.4237642848411,273.73042961580694,454.2448438391651
1242,985.870734528653,1325.170637684183,794.8774364469887
1243,1282.9962084198523,364.98093518496626,846.8810514535386
1244,48.75809139949183,50.54092923536041,233.0216805389034
1245,143.02368663791924,56.15440631886245,27.570888470457874
1246,119.79640443405599,51.84204011385301,308.803621440321
1247,269.78048581865426,179.88297412082517,43.76893603155762
1248,97.2782633341436,28.5005240049104,201.18630232252596
1249,266.16829114912076,179.61183627428488,42.70858658735669
1250,449.7133047383417,449.6967937754678,0.016510962875992397
1251,516.9118445268284,5.877001483587895e-11,516.9118445267715
1252,14.620343522853185,2.2899598579551728,13.798272210159144
1253,61.670466142344985,64.50471361843896,2.244345218519029
1254,937.1126431291601,1274.6297084488226,561.8557559080864
1255,1139.9725217819328,308.8265288661038,819.3101629830807
1256,71.03831303456421,1.301110878492612,75.78194090141777
1257,126.75679918073494,123.72856780196268,16.198047561099763
1258,22.51814109991243,23.341516108942592,107.61731911779535
1259,3.612194669533475,0.2711378465402721,1.0603494442009338
1260,7.22438933906695,0.5422756930805442,2.1206988884018676
1261,7.4197095607922385,7.691010970598317,35.459820951572276
1262,2384.78604331803,3066.4751196299726,891.4372383921391
1263,2799.8979365040313,864.3997214057515,2127.261216318297
1264,1124.2029606185974,1425.9665280020997,238.5986953233102
1265,980.4650984969379,304.56466110792843,871.1296139087381
1266,417.40631445541385,4.745678697997227e-11,417.406314455368
1267,956.5395384640663,533.6918845669105,422.8476538971575
1268,980.4650984969379,304.56466110792843,871.1296139087381
1269,533.7114794739513,533.6918845668628,0.019594907091335812
1270,985.8868430316376,304.56466110792906,876.5513584434364
1271,590.4914811446448,892.2746434352395,238.57910041621886
1272,104.50265267321056,29.042799697990947,203.30700121092784
1273,273.5880007099129,187.3028472448831,78.16840753892899
1274,0.0,0.0,0.0
1275,0.0,0.0,0.0
1276,0.0,0.0,0.0
1277,0.0,0.0,0.0
1278,0.0,0.0,0.0
1279,0.0,0.0,0.0
1280,273.5880007099129,187.3028472448831,78.16840753892899
1281,104.50265267321056,29.042799697990947,203.30700121092784
1282,0.0,0.0,0.0
1283,0.0,0.0,0.0
1284,0.0,0.0,0.0
1285,0.0,0.0,0.0
1286,0.0,0.0,0.0
1287,0.0,0.0,0.0
1288,0.0,0.0,0.0
1289,0.0,0.0,0.0
1290,104.50265267321056,29.042799697990947,203.30700121092784
1291,273.5880007099129,187.3028472448831,78.16840753892899
1292,77.00748835018885,0.5422756930884782,71.90379789951609
1293,179.888214169383,180.26957227823695,50.663102407401
1294,554.59797434486,93.72061165294966,223.95760516199147
1295,336.67962505202945,492.57440251879757,772.7598945463262
1296,27.495164323021733,28.500524004902477,131.40320331141183
1297,27.495164323021733,28.500524004902477,131.40320331141183
1298,477.5904859946719,93.17833595986119,152.05380726247546
1299,477.5904859946719,93.17833595986119,152.05380726247546
1300,156.791410882647,312.30483024056036,722.0967921389256
1301,156.791410882647,312.30483024056036,722.0967921389256
1302,93.69978654053004,7.033274966646158,27.505305131527997
1303,93.69978654053004,7.033274966646158,27.505305131527997
1304,546.9019779926655,26.74579195071944,390.3918623958586
1305,429.1091299733817,417.983209501674,238.68247082230704
1306,279.13239604448734,3.1735808011374614e-11,279.13239604445664
1307,209.3492970333662,209.3416108954761,0.007686137890548187
1308,488.48169307785366,209.34161089550796,279.14008218234716
1309,488.48169307785366,209.34161089550796,279.14008218234716
1310,209.3492970333662,209.3416108954761,0.007686137890548187
1311,279.13239604448734,3.1735808011374614e-11,279.13239604445664
1312,1113.790318901462,771.7798884482378,284.9927459834168
1313,781.1902557262864,285.9143295279128,622.8870774890114
1314,1607.2246297634454,312.66012147866263,1292.4113359293294
1315,1752.2487459082154,1399.104708845384,523.6829029436134
1316,1607.2246297634454,312.66012147866263,1292.4113359293294
1317,1752.2487459082154,1399.104708845384,523.6829029436134
1318,6749.535083682751,2131.952627755487,5984.186691565302
1319,5483.409982389206,8048.782595396537,2058.333296310203
1320,8356.759713446212,2444.6127492341193,7276.598027494607
1321,7235.658728297439,9447.887304242058,2582.0161992538688
1322,89.03651472950688,92.29213164717986,425.5178514188676
1323,292.5877682322117,21.962165569762057,85.8883049802757
1324,89.03651472950688,92.29213164717986,425.5178514188676
1325,292.5877682322117,21.962165569762057,85.8883049802757
1326,0.0,0.0,0.0
1327,0.0,0.0,0.0
1328,247.6431103225231,400.28227087161775,347.2420431274596
1329,262.0102061126486,71.75844608318764,138.0693001817158
1330,336.67962505202945,492.57440251879757,772.7598945463262
1331,554.59797434486,93.72061165294966,223.95760516199147
1332,262.0102061126486,71.75844608318764,138.0693001817158
1333,247.6431103225231,400.28227087161775,347.2420431274596
1334,262.0102061126486,71.75844608318764,138.0693001817158
1335,247.6431103225231,400.28227087161775,347.2420431274596
1336,0.0,0.0,0.0
1337,0.0,0.0,0.0
1338,2502.6833422891536,567.1960392521447,2127.2503042570365
1339,2087.5714491031526,2769.27143747636,891.4263263308787
1340,1839.928338780622,2368.989166604748,544.1842832034193
1341,2240.6731361765005,495.43759316895785,1989.1810040753232
1342,1839.928338780622,2368.989166604748,544.1842832034193
1343,2240.6731361765005,495.43759316895785,1989.1810040753232
1344,1813.4293760635064,2341.5212702811828,417.5420655192321
1345,1891.9123471747412,488.6591470054216,1704.2163457069137
1346,1813.4293760635064,2341.5212702811828,417.5420655192321
1347,2060.4457500555973,663.3549676232996,2509.6608501783553
1348,258.4559222634152,258.4464332042915,0.009489059124133562
1349,0.0,0.0,0.0
1350,1329.4911636951135,1330.4487213498296,131.4510053385785
1351,1700.742232096426,49.330779027047264,1236.4598955354325
1352,6169.1798916300195,1659.2906136960694,5440.968632685675
1353,5318.813177638373,7357.779192198358,1868.8060073437991
1354,7508.0500268675,1701.5881177564418,6381.75091277115
1355,6262.714347309482,8307.814312429113,2674.2789789925714
1356,361.8720968589601,7.0332749666766485,295.67761544992857
1357,295.66747464145254,296.6629885326636,131.41304910208197
1358,1891.9123471747412,488.6591470054216,1704.2163457069137
1359,1554.9734538000857,2083.074837076893,417.5325764601079
1360,0.0,0.0,0.0
1361,168.53340288085235,174.6958206178761,805.444504471428
1362,775.3677667902455,775.3392996128746,0.028467177372400686
1363,1338.8701352374658,42.29750406037061,940.7822800855039
1364,168.53340288085235,174.6958206178761,805.444504471428
1365,0.0,0.0,0.0
1366,348.7607890017514,6.77844616353619,284.96465836840935
1367,26.49896271711515,27.46789632356543,126.64221768418676
