link_id,NT,MD,EV
0,2505.15131192,15674.8416404,4569.17740803
1,2635.17145853,17700.5686874,4695.89572372
2,2505.15131192,15674.8416404,4569.17740803
3,2635.17145853,17700.5686874,4695.89572372
4,2505.15131192,15674.8416404,4569.17740803
5,2635.17145853,17700.5686874,4695.89572372
6,2505.15131192,15674.8416404,4569.17740803
7,2635.17145853,17700.5686874,4695.89572372
8,2505.15131192,15674.8416404,4569.17740803
9,3846.47404944,24242.4021268,6868.92018432
10,4086.35546754,28593.8517553,7206.99614227
11,2635.17145853,17700.5686874,4695.89572372
12,2635.17145853,17700.5686874,4695.89572372
21,1341.32273752,8567.56048642,2299.74277629
22,1451.184009,10893.2830679,2511.10041855
23,1341.32273752,8567.56048642,2299.74277629
24,1341.32273752,8567.56048642,2299.74277629
25,1451.184009,10893.2830679,2511.10041855
28,0.0,0.0,0.0
29,1.43000045459,62.1395460631,7.41265093517
30,0.0,0.0,0.0
31,65.4225207975,2842.88423238,339.128780285
36,0.0,0.0,0.0
37,1151.18146229,1373.4294999,4527.93597978
38,0.0,0.0,0.0
39,0.0,0.0,0.0
40,2.86000090918,124.279092126,14.8253018704
41,0.0,0.0,0.0
42,27.6732149968,20.8908431741,33.8724965094
43,0.0,0.0,0.0
44,0.0,0.0,0.0
45,0.0,0.0,0.0
46,7.55294311138,62.1395460631,1.28970827837
47,1.43000045459,62.1395460631,7.41265093517
58,1.43000045459,62.1395460631,7.41265093517
59,7.55294311138,62.1395460631,1.28970827837
108,0.0,0.0,0.0
109,1.43000045459,62.1395460631,7.41265093517
110,0.0,0.0,0.0
111,0.0,0.0,0.0
174,25.1834013133,151.347175212,9.36937305508
175,132.015798512,1608.51606365,306.008011074
176,0.0,0.0,0.0
177,0.0,0.0,0.0
178,0.0,0.0,0.0
179,0.0,0.0,0.0
180,0.0,0.0,0.0
181,0.0,0.0,0.0
182,0.0,0.0,0.0
183,35.7500113648,1553.48865158,185.31627338
184,89.1349880989,50.9513074678,111.751608976
185,23.317964179,140.136273344,8.67534542137
186,1411.50149639,9168.91066464,2305.3993551
187,1332.14299676,9069.02350285,2573.9183367
188,0.0,0.0,0.0
189,1207.25799729,7464.58354381,2276.85045435
190,0.0,0.0,0.0
191,1207.25799729,7464.58354381,2276.85045435
192,0.0,0.0,0.0
193,1207.25799729,7464.58354381,2276.85045435
194,0.0,0.0,0.0
195,0.0,0.0,0.0
196,0.0,0.0,0.0
197,0.0,0.0,0.0
198,20.7705935564,170.883751674,3.54669776553
199,3.93250125013,170.883751674,20.3847900718
200,20.7705935564,170.883751674,3.54669776553
201,3.93250125013,170.883751674,20.3847900718
202,20.7705935564,170.883751674,3.54669776553
203,1419.723999,9526.2130545,2348.02209798
204,20.7705935564,170.883751674,3.54669776553
205,1419.723999,9526.2130545,2348.02209798
206,20.7705935564,170.883751674,3.54669776553
207,1434.02400355,10147.6085151,2422.14860733
208,5.72000181836,248.558184252,29.6506037408
209,0.0,0.0,0.0
210,5.72000181836,248.558184252,29.6506037408
211,0.0,0.0,0.0
212,5.72000181836,248.558184252,29.6506037408
213,0.0,0.0,0.0
214,2.86000090918,124.279092126,14.8253018704
215,0.0,0.0,0.0
216,2.86000090918,124.279092126,14.8253018704
217,0.0,0.0,0.0
218,0.0,0.0,0.0
219,0.0,0.0,0.0
220,0.0,0.0,0.0
221,0.0,0.0,0.0
222,30.2117724456,248.558184252,5.1588331135
223,0.0,0.0,0.0
224,30.2117724456,248.558184252,5.1588331135
225,0.0,0.0,0.0
226,60.4235448912,497.116368504,10.317666227
227,0.0,0.0,0.0
228,0.0,0.0,0.0
229,22.6588293342,186.418638189,3.86912483512
230,0.0,0.0,0.0
231,22.6588293342,186.418638189,3.86912483512
232,0.0,0.0,0.0
233,22.6588293342,186.418638189,3.86912483512
234,0.0,0.0,0.0
235,7.55294311138,62.1395460631,1.28970827837
236,0.0,0.0,0.0
237,7.55294311138,62.1395460631,1.28970827837
238,0.0,0.0,0.0
239,3.93250125013,170.883751674,20.3847900718
240,0.0,0.0,0.0
241,3.93250125013,170.883751674,20.3847900718
242,15.1058862228,124.279092126,2.57941655675
243,6.79250215931,295.1628438,35.2100919421
244,15.1058862228,124.279092126,2.57941655675
245,9.65250306849,419.441935926,50.0353938125
246,389.760884614,4937.59896927,893.783063625
247,13.9425044323,605.860574115,72.2733466181
248,30.2117724456,248.558184252,5.15883311349
249,16.8025053414,730.139666241,87.0986484885
250,30.2117724456,248.558184252,5.15883311349
251,22.5225071598,978.697850493,116.749252229
252,30.2117724456,248.558184252,5.15883311349
253,28.2425089782,1227.25603474,146.39985597
254,30.2117724456,248.558184252,5.15883311349
255,33.9625107965,1475.814219,176.050459711
256,30.2117724456,248.558184252,5.15883311349
257,33.9625107965,1475.814219,176.050459711
258,52.8706017797,434.976822441,9.02795794861
259,39.6825126149,1724.37240325,205.701063452
260,98.1882604481,807.814098819,16.7662076189
261,48.2625153424,2097.20967963,250.176969063
262,128.400032894,1056.37228307,21.9250407324
263,53.9825171608,2345.76786388,279.827572804
264,219.035350231,1802.04683583,37.4015400729
265,59.7025189791,2594.32604813,309.478176545
266,1131.41198323,1221.12315311,4523.62149414
267,143.505919116,1180.6513752,24.5044572891
268,0.0,0.0,0.0
269,30.2117724456,248.558184252,5.15883311349
270,0.0,0.0,0.0
271,30.2117724456,248.558184252,5.15883311349
272,0.0,0.0,0.0
273,7.55294311138,62.1395460631,1.28970827837
274,0.0,0.0,0.0
275,7.55294311138,62.1395460631,1.28970827837
276,0.0,0.0,0.0
277,0.0,0.0,0.0
278,0.0,0.0,0.0
279,0.0,0.0,0.0
280,0.0,0.0,0.0
281,0.0,0.0,0.0
282,0.0,0.0,0.0
283,0.0,0.0,0.0
284,0.0,0.0,0.0
285,15.1058862228,124.279092126,2.57941655675
286,0.0,0.0,0.0
287,0.0,0.0,0.0
288,0.0,0.0,0.0
289,0.0,0.0,0.0
290,0.0,0.0,0.0
291,0.0,0.0,0.0
292,0.0,0.0,0.0
293,0.0,0.0,0.0
294,0.0,0.0,0.0
295,0.0,0.0,0.0
296,0.0,0.0,0.0
297,0.0,0.0,0.0
298,7.55294311138,62.1395460631,1.28970827837
299,0.0,0.0,0.0
300,7.55294311138,62.1395460631,1.28970827837
301,0.0,0.0,0.0
302,15.1058862228,124.279092126,2.57941655674
303,0.0,0.0,0.0
304,215.001542873,1817.90401705,55.7433542512
305,0.0,0.0,0.0
306,0.0,0.0,0.0
307,0.0,0.0,0.0
308,0.0,0.0,0.0
309,0.0,0.0,0.0
310,15.1058862228,124.279092126,2.57941655675
311,0.0,0.0,0.0
312,15.1058862228,124.279092126,2.57941655675
313,0.0,0.0,0.0
314,52.8706017798,434.976822441,9.02795794862
315,5.72000181836,248.558184252,29.6506037408
316,52.8706017798,434.976822441,9.02795794862
317,5.72000181836,248.558184252,29.6506037408
318,83.0823742254,683.535006693,14.1867910621
319,11.4400036367,497.116368504,59.3012074816
320,98.1882604482,807.814098819,16.7662076189
321,11.4400036367,497.116368504,59.3012074816
322,1320.55214396,8396.67673475,2296.19607852
323,17.1600054551,745.674552756,88.9518112224
324,2.86000090918,124.279092126,14.8253018704
325,0.0,0.0,0.0
326,0.0,0.0,0.0
327,0.0,0.0,0.0
328,2.86000090918,124.279092126,14.8253018704
329,0.0,0.0,0.0
330,0.0,0.0,0.0
331,0.0,0.0,0.0
332,0.0,0.0,0.0
333,0.0,0.0,0.0
334,0.0,0.0,0.0
335,0.0,0.0,0.0
336,0.0,0.0,0.0
337,0.0,0.0,0.0
338,7.55294311138,62.1395460631,1.28970827837
339,0.0,0.0,0.0
340,7.55294311138,62.1395460631,1.28970827837
341,0.0,0.0,0.0
342,22.6588293342,186.418638189,3.86912483512
343,0.0,0.0,0.0
344,5.72000181836,248.558184252,29.6506037408
345,15.1058862228,124.279092126,2.57941655675
346,2.86000090918,124.279092126,14.8253018704
347,0.0,0.0,0.0
348,2.86000090918,124.279092126,14.8253018704
349,0.0,0.0,0.0
350,15.1058862228,124.279092126,2.57941655675
351,0.0,0.0,0.0
352,15.1058862228,124.279092126,2.57941655675
353,0.0,0.0,0.0
354,30.2117724456,248.558184252,5.1588331135
355,2.86000090918,124.279092126,14.8253018704
356,30.2117724456,248.558184252,5.1588331135
357,0.0,0.0,0.0
358,45.3176586684,372.837276378,7.73824967025
359,24.310007728,1056.37228307,126.015065898
360,45.3176586684,372.837276378,7.73824967025
361,0.0,0.0,0.0
362,0.0,0.0,0.0
363,0.0,0.0,0.0
364,0.0,0.0,0.0
365,0.0,0.0,0.0
366,0.0,0.0,0.0
367,2.86000090918,124.279092126,14.8253018704
368,0.0,0.0,0.0
369,2.86000090918,124.279092126,14.8253018704
370,15.1058862228,124.279092126,2.57941655675
371,5.72000181836,248.558184252,29.6506037408
372,15.1058862228,124.279092126,2.57941655675
373,5.72000181836,248.558184252,29.6506037408
374,22.6588293342,186.418638189,3.86912483512
375,7.15000227295,310.697730315,37.063254676
376,22.6588293342,186.418638189,3.86912483512
377,7.15000227295,310.697730315,37.063254676
378,37.764715557,310.697730315,6.44854139187
379,10.0100031821,434.976822441,51.8885565464
380,37.764715557,310.697730315,6.44854139187
381,10.0100031821,434.976822441,51.8885565464
382,0.0,0.0,0.0
383,0.0,0.0,0.0
384,0.0,0.0,0.0
385,0.0,0.0,0.0
386,15.1058862228,124.279092126,2.57941655675
387,0.0,0.0,0.0
388,15.1058862228,124.279092126,2.57941655675
389,0.0,0.0,0.0
390,3.93250125013,170.883751674,20.3847900718
391,20.7705935564,170.883751674,3.54669776553
392,1.07250034095,46.6046595475,5.5594882014
393,5.66470733356,46.6046595475,0.967281208783
394,1.07250034095,46.6046595475,5.5594882014
395,5.66470733356,46.6046595475,0.967281208783
396,0.0,0.0,0.0
397,0.0,0.0,0.0
398,0.0,0.0,0.0
399,0.0,0.0,0.0
400,4.29000136377,186.418638189,22.2379528056
401,15.1058862228,124.279092126,2.57941655675
402,4.29000136377,186.418638189,22.2379528056
403,15.1058862228,124.279092126,2.57941655675
404,1.43000045459,62.1395460631,7.41265093517
405,0.0,0.0,0.0
406,1.43000045459,62.1395460631,7.41265093517
407,0.0,0.0,0.0
408,7.55294311138,62.1395460631,1.28970827837
409,2.86000090918,124.279092126,14.8253018704
410,1.07250034095,46.6046595475,5.5594882014
411,0.0,0.0,0.0
412,5.66470733356,46.6046595475,0.967281208783
413,0.0,0.0,0.0
414,0.0,0.0,0.0
415,15.1058862228,124.279092126,2.57941655675
416,0.0,0.0,0.0
417,0.0,0.0,0.0
418,0.0,0.0,0.0
419,0.0,0.0,0.0
420,0.0,0.0,0.0
421,15.1058862228,124.279092126,2.57941655675
422,5.72000181836,248.558184252,29.6506037408
423,0.0,0.0,0.0
424,5.72000181836,248.558184252,29.6506037408
425,15.1058862228,124.279092126,2.57941655675
426,0.0,0.0,0.0
427,0.0,0.0,0.0
428,0.0,0.0,0.0
429,0.0,0.0,0.0
430,0.0,0.0,0.0
431,0.0,0.0,0.0
432,0.0,0.0,0.0
433,0.0,0.0,0.0
434,30.2117724456,248.558184252,5.1588331135
435,2.86000090918,124.279092126,14.8253018704
436,30.2117724456,248.558184252,5.1588331135
437,2.86000090918,124.279092126,14.8253018704
438,60.4235448912,497.116368504,10.317666227
439,490.97364001,672.204171816,2008.0973944
440,2629.45145672,17452.0105032,4666.24511998
441,1297.89331463,8210.25809656,2292.32695369
442,143.475005373,2412.25405787,393.432344514
443,60.4235448912,497.116368504,10.317666227
444,137.755003555,2163.69587361,363.781740773
445,60.4235448912,497.116368504,10.317666227
446,134.895002646,2039.41678149,348.956438902
447,242.35331441,1942.18310918,46.0768854943
448,256.9200012,3519.57764841,631.199019388
449,242.35331441,1942.18310918,46.0768854943
450,249.769998927,3208.8799181,594.135764712
451,212.141541964,1693.62492492,40.9180523808
452,249.769998927,3208.8799181,594.135764712
453,212.141541964,1693.62492492,40.9180523808
454,389.760884614,4937.59896927,893.783063625
455,212.141541964,1693.62492492,40.9180523808
456,389.760884614,4937.59896927,893.783063625
457,212.141541964,1693.62492492,40.9180523808
458,45.3176586684,372.837276378,7.73824967025
459,0.0,0.0,0.0
460,0.0,0.0,0.0
461,2.86000090918,124.279092126,14.8253018704
462,0.0,0.0,0.0
463,0.0,0.0,0.0
464,0.0,0.0,0.0
465,2.86000090918,124.279092126,14.8253018704
466,0.0,0.0,0.0
467,5.72000181836,248.558184252,29.6506037408
468,45.3176586684,372.837276378,7.73824967024
469,20.0200063643,869.953644882,103.777113093
470,83.0823742253,683.535006693,14.1867910621
471,20.0200063643,869.953644882,103.777113093
472,98.1882604481,807.814098819,16.7662076189
473,35.7500113647,1553.48865158,185.31627338
474,0.0,0.0,0.0
475,35.7500113647,1553.48865158,185.31627338
476,15.1058862228,124.279092126,2.57941655675
477,50.0500159107,2174.88411221,259.442782732
478,0.0,0.0,0.0
479,1199.35995442,7475.28573971,2264.48130272
480,1199.35995442,7475.28573971,2264.48130272
481,124.884999464,1604.43995905,297.067882356
482,0.0,0.0,0.0
483,0.0,0.0,0.0
484,0.0,0.0,0.0
485,1207.25799729,7464.58354381,2276.85045435
486,1207.25799729,7464.58354381,2276.85045435
487,1222.36388351,7588.86263593,2279.4298709
488,5.72000181836,248.558184252,29.6506037408
489,17.965887132,248.558184252,17.4047184271
490,17.965887132,248.558184252,17.4047184271
491,30.2117724456,248.558184252,5.1588331135
492,30.2117724456,248.558184252,5.1588331135
493,45.3176586684,372.837276378,7.73824967025
494,45.3176586684,372.837276378,7.73824967025
495,75.529431114,621.39546063,12.8970827838
496,75.529431114,621.39546063,12.8970827838
497,0.0,0.0,0.0
498,44.3300140923,1926.32592795,229.792178991
499,41.4700131831,1802.04683583,214.966877121
500,8.58000272754,372.837276378,44.4759056112
501,5.72000181836,248.558184252,29.6506037408
502,2.86000090918,124.279092126,14.8253018704
503,0.0,0.0,0.0
504,0.0,0.0,0.0
505,0.0,0.0,0.0
506,0.0,0.0,0.0
507,15.1058862228,124.279092126,2.57941655675
508,0.0,0.0,0.0
509,0.0,0.0,0.0
510,0.0,0.0,0.0
511,0.0,0.0,0.0
512,0.0,0.0,0.0
513,0.0,0.0,0.0
514,0.0,0.0,0.0
515,0.0,0.0,0.0
516,0.0,0.0,0.0
517,0.0,0.0,0.0
518,2.86000090918,124.279092126,14.8253018704
519,0.0,0.0,0.0
520,0.0,0.0,0.0
521,0.0,0.0,0.0
522,0.0,0.0,0.0
523,0.0,0.0,0.0
524,0.0,0.0,0.0
525,15.1058862228,124.279092126,2.57941655675
526,15.1058862228,124.279092126,2.57941655675
527,30.2117724456,248.558184252,5.1588331135
528,5.72000181836,248.558184252,29.6506037408
529,2.86000090918,124.279092126,14.8253018704
530,2.86000090918,124.279092126,14.8253018704
531,15.1058862228,124.279092126,2.57941655675
532,15.1058862228,124.279092126,2.57941655675
533,30.2117724456,248.558184252,5.1588331135
534,33.0717733548,372.837276378,19.9841349839
535,244.192479558,1930.28107356,313.907510098
536,247.052480467,2054.56016568,328.732811968
537,0.0,0.0,0.0
538,0.0,0.0,0.0
539,0.0,0.0,0.0
540,5.72000181836,248.558184252,29.6506037408
541,5.72000181836,248.558184252,29.6506037408
542,2.86000090918,124.279092126,14.8253018704
543,0.0,0.0,0.0
544,0.0,0.0,0.0
545,0.0,0.0,0.0
546,0.0,0.0,0.0
547,0.0,0.0,0.0
548,0.0,0.0,0.0
549,0.0,0.0,0.0
550,0.0,0.0,0.0
551,0.0,0.0,0.0
552,0.0,0.0,0.0
553,0.0,0.0,0.0
554,0.0,0.0,0.0
555,0.0,0.0,0.0
556,0.0,0.0,0.0
557,0.0,0.0,0.0
558,0.0,0.0,0.0
559,0.0,0.0,0.0
560,0.0,0.0,0.0
561,0.0,0.0,0.0
562,0.0,0.0,0.0
563,0.0,0.0,0.0
564,0.0,0.0,0.0
565,0.0,0.0,0.0
566,0.0,0.0,0.0
567,0.0,0.0,0.0
568,0.0,0.0,0.0
569,0.0,0.0,0.0
570,0.0,0.0,0.0
571,15.1058862228,124.279092126,2.57941655675
572,15.1058862228,124.279092126,2.57941655675
573,30.2117724456,248.558184252,5.1588331135
574,15.1058862228,124.279092126,2.57941655675
575,15.1058862228,124.279092126,2.57941655675
576,0.0,0.0,0.0
577,0.0,0.0,0.0
578,0.0,0.0,0.0
579,15.1058862228,124.279092126,2.57941655675
580,0.0,0.0,0.0
581,15.1058862228,124.279092126,2.57941655675
582,0.0,0.0,0.0
583,0.0,0.0,0.0
584,0.0,0.0,0.0
585,0.0,0.0,0.0
586,0.0,0.0,0.0
587,15.1058862228,124.279092126,2.57941655675
588,0.0,0.0,0.0
589,2.86000090918,124.279092126,14.8253018704
590,2.86000090918,124.279092126,14.8253018704
591,0.0,0.0,0.0
592,0.0,0.0,0.0
593,0.0,0.0,0.0
594,2.86000090918,124.279092126,14.8253018704
595,15.1058862228,124.279092126,2.57941655675
596,17.965887132,248.558184252,17.4047184271
597,30.2117724456,248.558184252,5.1588331135
598,0.0,0.0,0.0
599,0.0,0.0,0.0
600,0.0,0.0,0.0
601,0.0,0.0,0.0
602,0.0,0.0,0.0
603,0.0,0.0,0.0
604,0.0,0.0,0.0
605,0.0,0.0,0.0
606,0.0,0.0,0.0
607,0.0,0.0,0.0
608,0.0,0.0,0.0
609,15.1058862228,124.279092126,2.57941655675
610,15.1058862228,124.279092126,2.57941655675
611,30.2117724456,248.558184252,5.1588331135
612,30.2117724456,248.558184252,5.1588331135
613,45.3176586684,372.837276378,7.73824967025
614,45.3176586684,372.837276378,7.73824967025
615,45.3176586684,372.837276378,7.73824967025
616,0.0,0.0,0.0
617,0.0,0.0,0.0
618,0.0,0.0,0.0
619,15.1058862228,124.279092126,2.57941655675
620,0.0,0.0,0.0
621,15.1058862228,124.279092126,2.57941655675
622,0.0,0.0,0.0
623,0.0,0.0,0.0
624,0.0,0.0,0.0
625,0.0,0.0,0.0
626,0.0,0.0,0.0
627,0.0,0.0,0.0
628,215.001542873,1817.90401705,55.7433542512
629,0.0,0.0,0.0
630,2.86000090918,124.279092126,14.8253018704
631,0.0,0.0,0.0
632,0.0,0.0,0.0
633,2.86000090918,124.279092126,14.8253018704
634,2.86000090918,124.279092126,14.8253018704
635,15.1058862228,124.279092126,2.57941655675
636,15.1058862228,124.279092126,2.57941655675
637,30.2117724456,248.558184252,5.1588331135
638,2.86000090918,124.279092126,14.8253018704
639,2.86000090918,124.279092126,14.8253018704
640,0.0,0.0,0.0
641,0.0,0.0,0.0
642,0.0,0.0,0.0
643,0.0,0.0,0.0
644,7.55294311138,62.1395460631,1.28970827837
645,7.55294311138,62.1395460631,1.28970827837
646,22.6588293342,186.418638189,3.86912483512
647,15.1058862228,124.279092126,2.57941655675
648,75.529431114,621.39546063,12.8970827838
649,78.3894320232,745.674552756,27.7223846542
650,90.6353173368,745.674552756,15.4764993405
651,90.6353173368,745.674552756,15.4764993405
652,90.6353173368,745.674552756,15.4764993405
653,93.495318246,869.953644882,30.3018012109
654,90.6353173368,745.674552756,15.4764993405
655,93.495318246,869.953644882,30.3018012109
656,0.0,0.0,0.0
657,0.0,0.0,0.0
658,0.0,0.0,0.0
659,0.0,0.0,0.0
660,0.0,0.0,0.0
661,2.86000090918,124.279092126,14.8253018704
662,0.0,0.0,0.0
663,0.0,0.0,0.0
664,0.0,0.0,0.0
665,0.0,0.0,0.0
666,0.0,0.0,0.0
667,0.0,0.0,0.0
668,0.0,0.0,0.0
669,0.0,0.0,0.0
670,0.0,0.0,0.0
671,0.0,0.0,0.0
672,20.7705935564,170.883751674,3.54669776553
673,20.7705935564,170.883751674,3.54669776553
674,20.7705935564,170.883751674,3.54669776553
675,2.86000090918,124.279092126,14.8253018704
676,2.86000090918,124.279092126,14.8253018704
677,0.0,0.0,0.0
678,0.0,0.0,0.0
679,7.55294311138,62.1395460631,1.28970827837
680,7.55294311138,62.1395460631,1.28970827837
681,15.1058862228,124.279092126,2.57941655674
682,7.55294311138,62.1395460631,1.28970827837
683,22.6588293342,186.418638189,3.86912483512
684,22.6588293342,186.418638189,3.86912483512
685,37.764715557,310.697730315,6.44854139187
686,37.764715557,310.697730315,6.44854139187
687,45.3176586684,372.837276378,7.73824967025
688,48.1776595776,497.116368504,22.5635515406
689,45.3176586684,372.837276378,7.73824967025
690,48.1776595776,497.116368504,22.5635515406
691,0.0,0.0,0.0
692,0.0,0.0,0.0
693,0.0,0.0,0.0
694,0.0,0.0,0.0
695,0.0,0.0,0.0
696,0.0,0.0,0.0
697,0.0,0.0,0.0
698,2.86000090918,124.279092126,14.8253018704
699,2.86000090918,124.279092126,14.8253018704
700,2.86000090918,124.279092126,14.8253018704
701,0.0,0.0,0.0
702,0.0,0.0,0.0
703,0.0,0.0,0.0
704,0.0,0.0,0.0
705,0.0,0.0,0.0
706,0.0,0.0,0.0
707,0.0,0.0,0.0
708,0.0,0.0,0.0
709,0.0,0.0,0.0
710,0.0,0.0,0.0
711,0.0,0.0,0.0
712,0.0,0.0,0.0
713,15.1058862228,124.279092126,2.57941655675
714,15.1058862228,124.279092126,2.57941655675
715,22.6588293342,186.418638189,3.86912483512
716,22.6588293342,186.418638189,3.86912483512
717,37.764715557,310.697730315,6.44854139187
718,0.0,0.0,0.0
719,0.0,0.0,0.0
720,0.0,0.0,0.0
721,0.0,0.0,0.0
722,0.0,0.0,0.0
723,15.1058862228,124.279092126,2.57941655675
724,0.0,0.0,0.0
725,10.0100031821,434.976822441,51.8885565464
726,10.0100031821,434.976822441,51.8885565464
727,7.15000227295,310.697730315,37.063254676
728,7.15000227295,310.697730315,37.063254676
729,5.72000181836,248.558184252,29.6506037408
730,5.72000181836,248.558184252,29.6506037408
731,2.86000090918,124.279092126,14.8253018704
732,2.86000090918,124.279092126,14.8253018704
733,0.0,0.0,0.0
734,0.0,0.0,0.0
735,0.0,0.0,0.0
736,0.0,0.0,0.0
737,0.0,0.0,0.0
738,0.0,0.0,0.0
739,0.0,0.0,0.0
740,7.55294311138,62.1395460631,1.28970827837
741,0.0,0.0,0.0
742,7.55294311138,62.1395460631,1.28970827837
743,0.0,0.0,0.0
744,0.0,0.0,0.0
745,0.0,0.0,0.0
746,0.0,0.0,0.0
747,0.0,0.0,0.0
748,8.58000272754,372.837276378,44.4759056111
749,8.58000272754,372.837276378,44.4759056111
750,20.8258880412,372.837276378,32.2300202975
751,5.72000181836,248.558184252,29.6506037407
752,4.29000136377,186.418638189,22.2379528056
753,4.29000136377,186.418638189,22.2379528056
754,2.86000090918,124.279092126,14.8253018704
755,2.86000090918,124.279092126,14.8253018704
756,15.1058862228,124.279092126,2.57941655675
757,0.0,0.0,0.0
759,45.7600145469,1988.46547402,237.204829926
760,1.43000045459,62.1395460631,7.41265093517
761,1.43000045459,62.1395460631,7.41265093517
762,1.43000045459,62.1395460631,7.41265093517
763,0.0,0.0,0.0
764,0.0,0.0,0.0
765,0.0,0.0,0.0
766,0.0,0.0,0.0
767,0.0,0.0,0.0
768,2.86000090918,124.279092126,14.8253018704
769,2.86000090918,124.279092126,14.8253018704
770,2.86000090918,124.279092126,14.8253018704
771,2.86000090918,124.279092126,14.8253018704
772,2.86000090918,124.279092126,14.8253018704
773,0.0,0.0,0.0
774,0.0,0.0,0.0
775,0.0,0.0,0.0
776,0.0,0.0,0.0
777,0.0,0.0,0.0
778,0.0,0.0,0.0
779,2.86000090918,124.279092126,14.8253018704
780,2.86000090918,124.279092126,14.8253018704
781,0.0,0.0,0.0
782,0.0,0.0,0.0
783,30.2117724456,248.558184252,5.1588331135
784,30.2117724456,248.558184252,5.1588331135
785,90.6353173368,745.674552756,15.4764993405
786,90.6353173368,745.674552756,15.4764993405
787,196.376520896,1615.62819764,33.5324152378
788,5.72000181836,248.558184252,29.6506037408
789,2.86000090918,124.279092126,14.8253018704
790,2.86000090918,124.279092126,14.8253018704
791,0.0,0.0,0.0
792,0.0,0.0,0.0
793,52.8706017798,434.976822441,9.02795794862
794,52.8706017798,434.976822441,9.02795794862
795,312.168967561,2489.53698813,325.514884603
796,315.02896847,2613.81608025,340.340186473
798,0.0,0.0,0.0
799,32.8900104556,1429.20955945,170.49097151
800,30.0300095464,1304.93046732,155.665669639
801,24.310007728,1056.37228307,126.015065898
802,0.0,0.0,0.0
803,15.1058862228,124.279092126,2.57941655675
804,30.2117724456,248.558184252,5.1588331135
805,75.529431114,621.39546063,12.8970827838
806,90.6353173368,745.674552756,15.4764993405
807,5.72000181836,248.558184252,29.6506037408
808,2.86000090918,124.279092126,14.8253018704
809,2.86000090918,124.279092126,14.8253018704
810,0.0,0.0,0.0
811,0.0,0.0,0.0
812,0.0,0.0,0.0
813,0.0,0.0,0.0
814,15.1058862228,124.279092126,2.57941655675
815,113.294146671,932.093190945,19.3456241756
816,113.294146671,932.093190945,19.3456241756
817,0.0,0.0,0.0
818,0.0,0.0,0.0
819,0.0,0.0,0.0
820,2.86000090918,124.279092126,14.8253018704
821,2.86000090918,124.279092126,14.8253018704
822,0.0,0.0,0.0
823,0.0,0.0,0.0
824,15.1058862228,124.279092126,2.57941655675
825,15.1058862228,124.279092126,2.57941655675
826,30.2117724456,248.558184252,5.1588331135
827,5.72000181836,248.558184252,29.6506037408
828,2.86000090918,124.279092126,14.8253018704
829,2.86000090918,124.279092126,14.8253018704
830,0.0,0.0,0.0
831,0.0,0.0,0.0
832,0.0,0.0,0.0
833,21.4500068188,932.093190945,111.189764028
834,213.980707112,1681.72288931,308.748676984
835,213.980707112,1681.72288931,308.748676984
836,15.1058862228,124.279092126,2.57941655675
837,17.965887132,248.558184252,17.4047184271
838,0.0,0.0,0.0
839,2.86000090918,124.279092126,14.8253018704
840,0.0,0.0,0.0
841,2.86000090918,124.279092126,14.8253018704
842,0.0,0.0,0.0
843,15.1058862228,124.279092126,2.57941655675
844,30.2117724456,248.558184252,5.1588331135
845,30.2117724456,248.558184252,5.1588331135
846,45.3176586684,372.837276378,7.73824967025
847,8.58000272754,372.837276378,44.4759056112
848,5.72000181836,248.558184252,29.6506037408
849,2.86000090918,124.279092126,14.8253018704
850,0.0,0.0,0.0
851,0.0,0.0,0.0
852,0.0,0.0,0.0
853,0.0,0.0,0.0
854,0.0,0.0,0.0
855,7.55294311138,62.1395460631,1.28970827837
856,22.6588293342,186.418638189,3.86912483512
857,0.0,0.0,0.0
858,7.55294311138,62.1395460631,1.28970827837
859,0.0,0.0,0.0
860,15.1058862228,124.279092126,2.57941655675
861,0.0,0.0,0.0
862,2.86000090918,124.279092126,14.8253018704
863,2.86000090918,124.279092126,14.8253018704
864,7.55294311138,62.1395460631,1.28970827837
865,10.4129440206,186.418638189,16.1150101488
866,22.6588293342,186.418638189,3.86912483512
867,5.72000181836,248.558184252,29.6506037408
868,17.965887132,248.558184252,17.4047184271
869,2.86000090918,124.279092126,14.8253018704
870,15.1058862228,124.279092126,2.57941655675
871,0.0,0.0,0.0
872,0.0,0.0,0.0
873,2.86000090918,124.279092126,14.8253018704
874,0.0,0.0,0.0
875,2.86000090918,124.279092126,14.8253018704
876,0.0,0.0,0.0
877,0.0,0.0,0.0
878,0.0,0.0,0.0
879,0.0,0.0,0.0
880,0.0,0.0,0.0
881,0.0,0.0,0.0
882,0.0,0.0,0.0
883,2.86000090918,124.279092126,14.8253018704
884,15.1058862228,124.279092126,2.57941655675
885,0.0,0.0,0.0
886,0.0,0.0,0.0
887,0.0,0.0,0.0
888,0.0,0.0,0.0
889,0.0,0.0,0.0
890,0.0,0.0,0.0
891,0.0,0.0,0.0
892,0.0,0.0,0.0
893,0.0,0.0,0.0
894,0.0,0.0,0.0
895,0.0,0.0,0.0
896,0.0,0.0,0.0
897,2.86000090918,124.279092126,14.8253018704
898,0.0,0.0,0.0
899,0.0,0.0,0.0
900,0.0,0.0,0.0
901,0.0,0.0,0.0
902,15.1058862228,124.279092126,2.57941655675
903,0.0,0.0,0.0
904,14.3000045459,621.39546063,74.126509352
905,11.4400036367,497.116368504,59.3012074816
906,11.4400036367,497.116368504,59.3012074816
907,8.58000272754,372.837276378,44.4759056112
908,8.58000272754,372.837276378,44.4759056112
909,5.72000181836,248.558184252,29.6506037408
910,5.72000181836,248.558184252,29.6506037408
911,15.1058862228,124.279092126,2.57941655675
912,0.0,0.0,0.0
913,0.0,0.0,0.0
914,0.0,0.0,0.0
915,0.0,0.0,0.0
916,0.0,0.0,0.0
917,0.0,0.0,0.0
918,0.0,0.0,0.0
919,0.0,0.0,0.0
920,1415.79149775,9355.32930282,2327.63730791
921,129.175000827,1790.85859724,319.305835162
922,129.175000827,1790.85859724,319.305835162
923,126.314999918,1666.57950511,304.480533291
924,126.314999918,1666.57950511,304.480533291
925,124.884999464,1604.43995905,297.067882356
926,124.884999464,1604.43995905,297.067882356
927,0.0,0.0,0.0
928,0.0,0.0,0.0
929,0.0,0.0,0.0
930,0.0,0.0,0.0
931,0.0,0.0,0.0
932,0.0,0.0,0.0
933,0.0,0.0,0.0
934,0.0,0.0,0.0
935,0.0,0.0,0.0
936,0.0,0.0,0.0
937,124.884999464,1604.43995905,297.067882356
938,124.884999464,1604.43995905,297.067882356
939,124.884999464,1604.43995905,297.067882356
940,2.86000090918,124.279092126,14.8253018704
941,2.86000090918,124.279092126,14.8253018704
942,2.86000090918,124.279092126,14.8253018704
943,0.0,0.0,0.0
944,0.0,0.0,0.0
945,0.0,0.0,0.0
946,0.0,0.0,0.0
947,15.1058862228,124.279092126,2.57941655675
948,15.1058862228,124.279092126,2.57941655675
949,212.141541964,1693.62492492,40.9180523808
950,212.141541964,1693.62492492,40.9180523808
951,1207.25799729,7464.58354381,2276.85045435
952,0.0,0.0,0.0
953,0.0,0.0,0.0
954,5.72000181836,248.558184252,29.6506037408
955,5.72000181836,248.558184252,29.6506037408
956,5.72000181836,248.558184252,29.6506037408
957,2.86000090918,124.279092126,14.8253018704
958,2.86000090918,124.279092126,14.8253018704
959,0.0,0.0,0.0
960,0.0,0.0,0.0
961,0.0,0.0,0.0
962,0.0,0.0,0.0
963,15.1058862228,124.279092126,2.57941655675
964,15.1058862228,124.279092126,2.57941655675
965,30.2117724456,248.558184252,5.1588331135
966,30.2117724456,248.558184252,5.1588331135
967,0.0,0.0,0.0
968,0.0,0.0,0.0
969,0.0,0.0,0.0
970,0.0,0.0,0.0
971,0.0,0.0,0.0
972,0.0,0.0,0.0
973,0.0,0.0,0.0
974,0.0,0.0,0.0
975,0.0,0.0,0.0
976,0.0,0.0,0.0
977,7.55294311138,62.1395460631,1.28970827837
978,0.0,0.0,0.0
979,0.0,0.0,0.0
980,0.0,0.0,0.0
981,0.0,0.0,0.0
982,0.0,0.0,0.0
983,0.0,0.0,0.0
984,5.72000181836,248.558184252,29.6506037408
985,17.965887132,248.558184252,17.4047184271
986,0.0,0.0,0.0
987,0.0,0.0,0.0
988,5.72000181836,248.558184252,29.6506037408
989,2.86000090918,124.279092126,14.8253018704
990,0.0,0.0,0.0
991,0.0,0.0,0.0
992,0.0,0.0,0.0
993,0.0,0.0,0.0
994,0.0,0.0,0.0
995,15.1058862228,124.279092126,2.57941655675
996,0.0,0.0,0.0
997,0.0,0.0,0.0
998,2.86000090918,124.279092126,14.8253018704
999,0.0,0.0,0.0
1000,0.0,0.0,0.0
1001,0.0,0.0,0.0
1002,5.72000181836,248.558184252,29.6506037408
1003,17.965887132,248.558184252,17.4047184271
1004,15.1058862228,124.279092126,2.57941655675
1005,374.654998391,4813.31987714,891.203647068
1006,4.29000136377,186.418638189,22.2379528056
1007,1.43000045459,62.1395460631,7.41265093517
1009,1.43000045459,62.1395460631,7.41265093517
1010,0.0,0.0,0.0
1011,0.0,0.0,0.0
1012,0.0,0.0,0.0
1013,0.0,0.0,0.0
1014,0.0,0.0,0.0
1015,0.0,0.0,0.0
1016,0.0,0.0,0.0
1017,0.0,0.0,0.0
1018,0.0,0.0,0.0
1019,0.0,0.0,0.0
1020,0.0,0.0,0.0
1021,2.86000090918,124.279092126,14.8253018704
1022,0.0,0.0,0.0
1023,0.0,0.0,0.0
1024,15.1058862228,124.279092126,2.57941655675
1025,2.86000090918,124.279092126,14.8253018703
1026,1.43000045459,62.1395460631,7.41265093517
1027,1.43000045459,62.1395460631,7.41265093517
1028,0.0,0.0,0.0
1029,0.0,0.0,0.0
1030,15.1058862228,124.279092126,2.57941655675
1031,15.1058862228,124.279092126,2.57941655675
1032,0.0,0.0,0.0
1033,0.0,0.0,0.0
1034,0.0,0.0,0.0
1035,0.0,0.0,0.0
1036,0.0,0.0,0.0
1037,0.0,0.0,0.0
1038,0.0,0.0,0.0
1039,0.0,0.0,0.0
1040,0.0,0.0,0.0
1041,0.0,0.0,0.0
1042,0.0,0.0,0.0
1043,0.0,0.0,0.0
1044,0.0,0.0,0.0
1045,0.0,0.0,0.0
1046,0.0,0.0,0.0
1047,0.0,0.0,0.0
1048,15.1058862228,124.279092126,2.57941655675
1049,0.0,0.0,0.0
1050,0.0,0.0,0.0
1051,0.0,0.0,0.0
1052,0.0,0.0,0.0
1053,0.0,0.0,0.0
1054,0.0,0.0,0.0
1055,2.86000090918,124.279092126,14.8253018704
1056,2.86000090918,124.279092126,14.8253018704
1057,0.0,0.0,0.0
1058,0.0,0.0,0.0
1059,7.55294311138,62.1395460631,1.28970827837
1060,7.55294311138,62.1395460631,1.28970827837
1061,0.0,0.0,0.0
1062,7.55294311138,62.1395460631,1.28970827837
1063,0.0,0.0,0.0
1064,0.0,0.0,0.0
1065,0.0,0.0,0.0
1066,0.0,0.0,0.0
1067,0.0,0.0,0.0
1068,0.0,0.0,0.0
1069,0.0,0.0,0.0
1070,15.1058862228,124.279092126,2.57941655675
1071,15.1058862228,124.279092126,2.57941655675
1072,0.0,0.0,0.0
1073,98.1882604482,807.814098819,16.7662076189
1074,0.0,0.0,0.0
1075,4.29000136377,186.418638189,22.2379528056
1076,100.686560441,749.629698362,289.403052808
1077,4.29000136377,186.418638189,22.2379528056
1078,100.686560441,749.629698362,289.403052808
1079,1.43000045459,62.1395460631,7.41265093517
1080,49.7041944395,330.187762436,280.697521929
1081,0.0,0.0,0.0
1082,42.1512513281,268.048216373,279.407813651
1083,0.0,0.0,0.0
1084,0.0,0.0,0.0
1085,0.0,0.0,0.0
1086,242.626819096,211.822993782,989.223395332
1087,126.453753984,804.144649118,838.22344095
1088,242.626819096,211.822993782,989.223395332
1089,126.453753984,804.144649118,838.22344095
1090,242.626819096,211.822993782,989.223395332
1091,0.0,0.0,0.0
1092,0.0,0.0,0.0
1093,84.3025026562,536.096432746,558.815627302
1094,0.0,0.0,0.0
1095,0.0,0.0,0.0
1096,42.1512513281,268.048216373,279.407813651
1097,0.0,0.0,0.0
1098,0.0,0.0,0.0
1099,363.940228644,317.734490673,1483.83509299
1100,42.1512513281,268.048216373,279.407813651
1101,242.626819096,211.822993782,989.223395329
1102,0.0,0.0,0.0
1103,0.0,0.0,0.0
1104,42.1512513281,268.048216373,279.407813651
1105,121.313409548,105.911496891,494.611697666
1106,0.0,0.0,0.0
1107,14.3000045459,621.39546063,74.126509352
1108,35.8764797792,295.1628438,6.12611432228
1109,0.0,0.0,0.0
1110,242.626819096,211.822993782,989.223395332
1111,0.0,0.0,0.0
1112,0.0,0.0,0.0
1113,126.453753984,804.144649118,838.22344095
1114,0.0,0.0,0.0
1115,0.0,0.0,0.0
1116,485.253638192,423.645987564,1978.44679066
1117,84.3025026562,536.096432746,558.815627302
1118,126.453753984,804.144649118,838.22344095
1119,242.626819096,211.822993782,989.223395332
1120,0.0,0.0,0.0
1121,0.0,0.0,0.0
1122,0.0,0.0,0.0
1123,0.0,0.0,0.0
1124,0.0,0.0,0.0
1125,3.56539952395,2.03805229871,4.47006435901
1126,0.0,0.0,0.0
1127,0.0,0.0,0.0
1128,0.0,0.0,0.0
1129,0.0,0.0,0.0
1130,0.0,0.0,0.0
1131,0.0,0.0,0.0
1132,5.34809928593,3.05707844807,6.70509653852
1133,1.39907785074,8.40817640063,0.520520725282
1134,3.56539952395,2.03805229871,4.47006435901
1135,0.93271856716,5.60545093375,0.347013816854
1136,0.0,0.0,0.0
1137,0.0,0.0,0.0
1138,0.0,0.0,0.0
1139,0.0,0.0,0.0
1140,0.0,0.0,0.0
1141,0.0,0.0,0.0
1142,0.93271856716,5.60545093375,0.347013816854
1143,26.7404964296,15.2853922403,33.5254826926
1144,0.0,0.0,0.0
1145,0.0,0.0,0.0
1146,0.93271856716,5.60545093375,0.347013816854
1147,427.662938813,2855.46840655,2253.71181306
1148,159.83193377,1157.49189338,571.712710086
1149,490.97364001,672.204171816,2008.0973944
1150,0.0,0.0,0.0
1151,0.0,0.0,0.0
1152,0.0,0.0,0.0
1153,0.0,0.0,0.0
1154,0.0,0.0,0.0
1155,0.0,0.0,0.0
1156,0.0,0.0,0.0
1157,0.0,0.0,0.0
1158,0.0,0.0,0.0
1159,0.0,0.0,0.0
1160,0.0,0.0,0.0
1161,0.0,0.0,0.0
1162,0.0,0.0,0.0
1163,0.0,0.0,0.0
1164,0.0,0.0,0.0
1165,1131.41198323,1221.12315311,4523.62149414
1166,26.7404964296,15.2853922403,33.5254826926
1167,3.73087426864,22.421803735,1.38805526742
1168,10.6961985718,6.11415689613,13.410193077
1169,3.26451498506,19.6190782681,1.21454835899
1170,0.0,0.0,0.0
1171,2.3317964179,14.0136273344,0.867534542136
1172,8.91349880988,5.09513074678,11.1751608975
1173,2.3317964179,14.0136273344,0.867534542136
1174,0.0,0.0,0.0
1175,3.73087426864,22.421803735,1.38805526742
1176,0.0,0.0,0.0
1177,3.73087426864,22.421803735,1.38805526742
1178,0.0,0.0,0.0
1179,2.79815570148,16.8163528013,1.04104145056
1180,0.0,0.0,0.0
1181,0.0,0.0,0.0
1182,0.0,0.0,0.0
1183,4.6635928358,28.0272546688,1.73506908427
1184,0.0,0.0,0.0
1185,1.86543713432,11.2109018675,0.694027633708
1186,168.605005312,1072.19286549,1117.6312546
1187,363.940228644,317.734490673,1483.835093
1188,370.58819041,2497.73297524,1968.75177834
1189,976.227278202,1095.85015938,3986.54418507
1190,417.403034574,2793.80844628,2249.89466107
1191,1097.54068775,1201.76165627,4481.15588273
1192,422.06662741,2821.83570095,2251.62973016
1193,1101.10608727,1203.79970857,4485.62594709
1194,426.730220246,2849.86295562,2253.36479924
1195,0.0,0.0,0.0
1196,0.0,0.0,0.0
1197,0.0,0.0,0.0
1198,0.0,0.0,0.0
1199,0.0,0.0,0.0
1200,0.0,0.0,0.0
1201,0.93271856716,5.60545093375,0.347013816854
1202,14.2615980958,8.15220919484,17.880257436
1203,0.93271856716,5.60545093375,0.347013816854
1204,10.6961985718,6.11415689613,13.410193077
1205,0.0,0.0,0.0
1206,7.1307990479,4.07610459742,8.94012871802
1207,1.86543713432,11.2109018675,0.694027633708
1208,3.56539952395,2.03805229871,4.47006435901
1209,0.93271856716,5.60545093375,0.347013816854
1210,0.93271856716,5.60545093375,0.347013816854
1211,0.0,0.0,0.0
1212,0.0,0.0,0.0
1213,3.56539952395,2.03805229871,4.47006435901
1214,0.0,0.0,0.0
1215,7.1307990479,4.07610459742,8.94012871802
1216,0.0,0.0,0.0
1217,0.0,0.0,0.0
1218,0.0,0.0,0.0
1219,0.0,0.0,0.0
1220,0.0,0.0,0.0
1221,0.93271856716,5.60545093375,0.347013816854
1222,26.7404964296,15.2853922403,33.5254826926
1223,0.93271856716,5.60545093375,0.347013816854
1224,14.2615980958,8.15220919484,17.880257436
1225,0.0,0.0,0.0
1226,10.6961985718,6.11415689613,13.410193077
1227,1.86543713432,11.2109018675,0.694027633708
1228,7.1307990479,4.07610459742,8.94012871802
1229,0.93271856716,5.60545093375,0.347013816854
1230,17.8269976197,10.1902614935,22.350321795
1231,4.6635928358,28.0272546688,1.73506908427
1232,3846.47404944,24242.4021268,6868.92018432
1233,4086.35546754,28593.8517553,7206.99614227
1234,32.0885957155,18.3424706884,40.2305792311
1235,432.677551032,3437.69890825,84.9592291132
1236,2699.19300258,15560.5703384,7863.62643834
1237,2444.99173752,16954.8658423,4667.44106483
1238,2731.2815983,15578.9128091,7903.85701757
1239,2877.66928855,20392.5647506,4752.40029395
1240,1252.41729031,3497.8888312,4877.64318281
1241,605.953028637,4295.40928208,2286.5965748
1242,1255.98268983,3499.9268835,4882.11324717
1243,606.885747204,4301.01473301,2286.94358862
1244,56.6936930758,93.7293566931,76.6986484998
1245,15.9474102158,112.588604467,4.41283263006
1246,56.6936930758,93.7293566931,76.6986484998
1247,15.9474102158,112.588604467,4.41283263006
1248,29.9531966462,78.4439644528,43.1731658072
1249,15.0146916487,106.983153533,4.0658188132
1250,68.2825217067,2967.16332451,353.954082156
1251,415.411871127,3417.67503347,70.9339553106
1252,0.0,0.0,0.0
1253,0.0,0.0,0.0
1254,1199.28899676,3406.19752681,4805.41459867
1255,590.938336988,4188.42612855,2282.53075599
1256,0.0,0.0,0.0
1257,0.0,0.0,0.0
1258,26.7404964296,15.2853922403,33.5254826926
1259,0.93271856716,5.60545093375,0.347013816854
1260,0.0,0.0,0.0
1261,0.0,0.0,0.0
1262,6398.63093363,42705.1886595,15222.8681814
1263,6662.18147614,44414.1370393,11837.1220539
1264,3699.43793105,27144.6183211,7359.24174309
1265,4217.18973862,27459.271197,7169.68098904
1266,3814.38545372,24224.0596561,6828.68960509
1267,3653.6779165,25156.152847,7122.03691316
1268,4217.18973862,27459.271197,7169.68098904
1269,3653.6779165,25156.152847,7122.03691316
1270,402.804284897,3235.21154088,340.991383943
1271,45.7600145469,1988.46547402,237.204829926
1272,29.9531966462,78.4439644528,43.1731658072
1273,15.0146916487,106.983153533,4.0658188132
1274,14.2615980958,8.15220919484,17.880257436
1275,3.73087426864,22.421803735,1.38805526742
1276,0.0,0.0,0.0
1277,0.0,0.0,0.0
1278,0.93271856716,5.60545093375,0.347013816854
1279,3.56539952395,2.03805229871,4.47006435901
1280,7.55294311138,62.1395460631,1.28970827837
1281,1.43000045459,62.1395460631,7.41265093517
1282,14.2615980958,8.15220919484,17.880257436
1283,3.73087426864,22.421803735,1.38805526742
1284,17.8269976197,10.1902614935,22.350321795
1285,4.6635928358,28.0272546688,1.73506908427
1286,17.8269976197,10.1902614935,22.350321795
1287,4.6635928358,28.0272546688,1.73506908427
1288,0.93271856716,5.60545093375,0.347013816854
1289,3.56539952395,2.03805229871,4.47006435901
1290,3.29543758891,73.3504479306,8.10667856888
1291,14.6837421593,66.2156506605,10.2298369964
1292,1.86543713432,11.2109018675,0.694027633708
1293,7.1307990479,4.07610459742,8.94012871802
1294,1.86543713432,11.2109018675,0.694027633708
1295,7.1307990479,4.07610459742,8.94012871802
1296,1.43000045459,62.1395460631,7.41265093517
1297,1.43000045459,62.1395460631,7.41265093517
1298,0.0,0.0,0.0
1299,0.0,0.0,0.0
1300,0.0,0.0,0.0
1301,0.0,0.0,0.0
1302,7.55294311138,62.1395460631,1.28970827837
1303,7.55294311138,62.1395460631,1.28970827837
1304,0.93271856716,5.60545093375,0.347013816854
1305,3.56539952395,2.03805229871,4.47006435901
1306,0.0,0.0,0.0
1307,0.0,0.0,0.0
1308,0.0,0.0,0.0
1309,0.0,0.0,0.0
1310,0.0,0.0,0.0
1311,0.0,0.0,0.0
1312,1856.30438879,12679.480435,2394.86976383
1313,1410.58178628,9113.86065343,2672.2597526
1314,1411.51450485,9119.46610436,2672.60676642
1315,1859.86978831,12681.5184873,2399.33982819
1316,1411.51450485,9119.46610436,2672.60676642
1317,1859.86978831,12681.5184873,2399.33982819
1318,374.654998391,4813.31987714,891.203647068
1319,212.141541964,1693.62492492,40.9180523808
1320,1786.16950324,13932.7859815,3563.81041349
1321,2072.01133028,14375.1434122,2440.25788057
1322,7.1307990479,4.07610459742,8.94012871802
1323,1.86543713432,11.2109018675,0.694027633708
1324,7.1307990479,4.07610459742,8.94012871802
1325,1.86543713432,11.2109018675,0.694027633708
1326,0.0,0.0,0.0
1327,0.0,0.0,0.0
1328,0.0,0.0,0.0
1329,0.0,0.0,0.0
1330,7.1307990479,4.07610459742,8.94012871802
1331,1.86543713432,11.2109018675,0.694027633708
1332,0.0,0.0,0.0
1333,0.0,0.0,0.0
1334,0.0,0.0,0.0
1335,0.0,0.0,0.0
1336,0.0,0.0,0.0
1337,0.0,0.0,0.0
1338,178.750056824,7767.4432579,926.5813669
1339,944.117888925,7767.4432579,161.213534797
1340,944.117888925,7767.4432579,161.213534797
1341,178.750056824,7767.4432579,926.5813669
1342,944.117888925,7767.4432579,161.213534797
1343,178.750056824,7767.4432579,926.5813669
1344,944.117888925,7767.4432579,161.213534797
1345,143.000045459,6213.95460632,741.26509352
1346,944.117888925,7767.4432579,161.213534797
1347,143.000045459,6213.95460632,741.26509352
1348,188.823577785,1553.48865158,32.2427069594
1349,0.0,0.0,0.0
1350,1498.77104735,9208.65107024,2416.45693644
1351,1312.58015052,7651.59502002,2388.33728003
1352,356.539952396,203.805229871,447.006435904
1353,93.271856716,560.545093376,34.7013816855
1354,445.674940494,254.756537339,558.75804488
1355,116.589820895,700.68136672,43.3767271068
1356,1223.44516242,7600.64371255,2276.58567105
1357,1286.62950539,7515.02614531,2375.53888406
1358,143.000045459,6213.95460632,741.26509352
1359,755.29431114,6213.95460632,128.970827838
1360,0.0,0.0,0.0
1361,0.0,0.0,0.0
1362,23.317964179,140.136273344,8.67534542137
1363,89.1349880989,50.9513074678,111.751608976
1364,0.0,0.0,0.0
1365,0.0,0.0,0.0
1366,35.7500113648,1553.48865158,185.31627338
1367,0.0,0.0,0.0
