O,D,6.5,6.75,7,7.25,7.5,7.75,8,8.25,8.5,8.75,9,9.25,9.5,15.5,15.75,16,16.25,16.5,16.75,17,17.25,17.5,17.75,18,18.25,18.5,18.75,19,19.25,19.5,19.75,20,20.25,20.5,20.75,21,21.25,21.5,21.75,22,22.25,22.5,22.75,23
19,16,0.0,0.0,1.20606302723e-10,0.0,0.0,1.14858123013e-10,0.0,3.52273765714e-11,5.05206987356e-11,0.0,1.95859994889e-10,1.77508008292e-10,157.693269139,123.026227655,186.82726658,261.52595108,336.984004546,399.266324976,434.676956021,434.676956021,399.266324976,336.984004546,261.52595108,186.82726658,123.026227655,74.8079473127,42.0917145012,21.9681128601,10.6640607623,4.82954332946,2.0473457095,0.815358234347,0.306241866321,0.10892699313,0.0368518618554,0.0119132096419,0.00369761984758,0.00110737827121,0.000321643660928,9.10845499246e-05,2.5283260241e-05,6.91718691214e-06,1.87562703147e-06,6.96015334255e-07
19,31,0.0,0.0,5.28975011942e-12,0.0,0.0,5.03763697423e-12,0.0,1.54506037594e-12,2.21582011998e-12,0.0,8.59035065303e-12,7.78543896018e-12,6.91637145345,5.39588717787,8.19417835877,11.4704364509,14.7800001994,17.51168092,19.0647787728,19.0647787728,17.51168092,14.7800001994,11.4704364509,8.19417835877,5.39588717787,3.28105032073,1.846127829,0.963513721933,0.467721963257,0.211822075853,0.0897958644518,0.0357613260678,0.0134316608036,0.00477749969868,0.0016163097305,0.000522509194818,0.000162176309104,4.85692224217e-05,1.41071781109e-05,3.9949364002e-06,1.10891492285e-06,3.03385390883e-07,8.22643434853e-08,3.05269883445e-08
19,45,0.0,0.0,5.28975011942e-12,0.0,0.0,5.03763697423e-12,0.0,1.54506037594e-12,2.21582011998e-12,0.0,8.59035065303e-12,7.78543896018e-12,6.91637145345,5.39588717787,8.19417835877,11.4704364509,14.7800001994,17.51168092,19.0647787728,19.0647787728,17.51168092,14.7800001994,11.4704364509,8.19417835877,5.39588717787,3.28105032073,1.846127829,0.963513721933,0.467721963257,0.211822075853,0.0897958644518,0.0357613260678,0.0134316608036,0.00477749969868,0.0016163097305,0.000522509194818,0.000162176309104,4.85692224217e-05,1.41071781109e-05,3.9949364002e-06,1.10891492285e-06,3.03385390883e-07,8.22643434853e-08,3.05269883445e-08
19,56,0.0,0.0,5.28975011942e-12,0.0,0.0,5.03763697423e-12,0.0,1.54506037594e-12,2.21582011998e-12,0.0,8.59035065303e-12,7.78543896018e-12,6.91637145345,5.39588717787,8.19417835877,11.4704364509,14.7800001994,17.51168092,19.0647787728,19.0647787728,17.51168092,14.7800001994,11.4704364509,8.19417835877,5.39588717787,3.28105032073,1.846127829,0.963513721933,0.467721963257,0.211822075853,0.0897958644518,0.0357613260678,0.0134316608036,0.00477749969868,0.0016163097305,0.000522509194818,0.000162176309104,4.85692224217e-05,1.41071781109e-05,3.9949364002e-06,1.10891492285e-06,3.03385390883e-07,8.22643434853e-08,3.05269883445e-08
19,57,0.0,0.0,1.20606302723e-10,0.0,0.0,1.14858123013e-10,0.0,3.52273765714e-11,5.05206987356e-11,0.0,1.95859994889e-10,1.77508008292e-10,157.693269139,123.026227655,186.82726658,261.52595108,336.984004546,399.266324976,434.676956021,434.676956021,399.266324976,336.984004546,261.52595108,186.82726658,123.026227655,74.8079473127,42.0917145012,21.9681128601,10.6640607623,4.82954332946,2.0473457095,0.815358234347,0.306241866321,0.10892699313,0.0368518618554,0.0119132096419,0.00369761984758,0.00110737827121,0.000321643660928,9.10845499246e-05,2.5283260241e-05,6.91718691214e-06,1.87562703147e-06,6.96015334255e-07
19,77,0.0,0.0,1.20606302723e-10,0.0,0.0,1.14858123013e-10,0.0,3.52273765714e-11,5.05206987356e-11,0.0,1.95859994889e-10,1.77508008292e-10,157.693269139,123.026227655,186.82726658,261.52595108,336.984004546,399.266324976,434.676956021,434.676956021,399.266324976,336.984004546,261.52595108,186.82726658,123.026227655,74.8079473127,42.0917145012,21.9681128601,10.6640607623,4.82954332946,2.0473457095,0.815358234347,0.306241866321,0.10892699313,0.0368518618554,0.0119132096419,0.00369761984758,0.00110737827121,0.000321643660928,9.10845499246e-05,2.5283260241e-05,6.91718691214e-06,1.87562703147e-06,6.96015334255e-07
19,78,0.0,0.0,5.28975011942e-12,0.0,0.0,5.03763697423e-12,0.0,1.54506037594e-12,2.21582011998e-12,0.0,8.59035065303e-12,7.78543896018e-12,6.91637145345,5.39588717787,8.19417835877,11.4704364509,14.7800001994,17.51168092,19.0647787728,19.0647787728,17.51168092,14.7800001994,11.4704364509,8.19417835877,5.39588717787,3.28105032073,1.846127829,0.963513721933,0.467721963257,0.211822075853,0.0897958644518,0.0357613260678,0.0134316608036,0.00477749969868,0.0016163097305,0.000522509194818,0.000162176309104,4.85692224217e-05,1.41071781109e-05,3.9949364002e-06,1.10891492285e-06,3.03385390883e-07,8.22643434853e-08,3.05269883445e-08
19,92,0.0,0.0,1.20606302723e-10,0.0,0.0,1.14858123013e-10,0.0,3.52273765714e-11,5.05206987356e-11,0.0,1.95859994889e-10,1.77508008292e-10,157.693269139,123.026227655,186.82726658,261.52595108,336.984004546,399.266324976,434.676956021,434.676956021,399.266324976,336.984004546,261.52595108,186.82726658,123.026227655,74.8079473127,42.0917145012,21.9681128601,10.6640607623,4.82954332946,2.0473457095,0.815358234347,0.306241866321,0.10892699313,0.0368518618554,0.0119132096419,0.00369761984758,0.00110737827121,0.000321643660928,9.10845499246e-05,2.5283260241e-05,6.91718691214e-06,1.87562703147e-06,6.96015334255e-07
19,95,0.0,0.0,5.28975011942e-12,0.0,0.0,5.03763697423e-12,0.0,1.54506037594e-12,2.21582011998e-12,0.0,8.59035065303e-12,7.78543896018e-12,6.91637145345,5.39588717787,8.19417835877,11.4704364509,14.7800001994,17.51168092,19.0647787728,19.0647787728,17.51168092,14.7800001994,11.4704364509,8.19417835877,5.39588717787,3.28105032073,1.846127829,0.963513721933,0.467721963257,0.211822075853,0.0897958644518,0.0357613260678,0.0134316608036,0.00477749969868,0.0016163097305,0.000522509194818,0.000162176309104,4.85692224217e-05,1.41071781109e-05,3.9949364002e-06,1.10891492285e-06,3.03385390883e-07,8.22643434853e-08,3.05269883445e-08
19,100,0.0,0.0,5.28975011942e-12,0.0,0.0,5.03763697423e-12,0.0,1.54506037594e-12,2.21582011998e-12,0.0,8.59035065303e-12,7.78543896018e-12,6.91637145345,5.39588717787,8.19417835877,11.4704364509,14.7800001994,17.51168092,19.0647787728,19.0647787728,17.51168092,14.7800001994,11.4704364509,8.19417835877,5.39588717787,3.28105032073,1.846127829,0.963513721933,0.467721963257,0.211822075853,0.0897958644518,0.0357613260678,0.0134316608036,0.00477749969868,0.0016163097305,0.000522509194818,0.000162176309104,4.85692224217e-05,1.41071781109e-05,3.9949364002e-06,1.10891492285e-06,3.03385390883e-07,8.22643434853e-08,3.05269883445e-08
19,104,0.0,0.0,1.20606302723e-10,0.0,0.0,1.14858123013e-10,0.0,3.52273765714e-11,5.05206987356e-11,0.0,1.95859994889e-10,1.77508008292e-10,157.693269139,123.026227655,186.82726658,261.52595108,336.984004546,399.266324976,434.676956021,434.676956021,399.266324976,336.984004546,261.52595108,186.82726658,123.026227655,74.8079473127,42.0917145012,21.9681128601,10.6640607623,4.82954332946,2.0473457095,0.815358234347,0.306241866321,0.10892699313,0.0368518618554,0.0119132096419,0.00369761984758,0.00110737827121,0.000321643660928,9.10845499246e-05,2.5283260241e-05,6.91718691214e-06,1.87562703147e-06,6.96015334255e-07
21,16,0.0,0.0,1.20606302723e-10,0.0,0.0,1.14858123013e-10,0.0,3.52273765714e-11,5.05206987356e-11,0.0,1.95859994889e-10,1.77508008292e-10,157.693269139,123.026227655,186.82726658,261.52595108,336.984004546,399.266324976,434.676956021,434.676956021,399.266324976,336.984004546,261.52595108,186.82726658,123.026227655,74.8079473127,42.0917145012,21.9681128601,10.6640607623,4.82954332946,2.0473457095,0.815358234347,0.306241866321,0.10892699313,0.0368518618554,0.0119132096419,0.00369761984758,0.00110737827121,0.000321643660928,9.10845499246e-05,2.5283260241e-05,6.91718691214e-06,1.87562703147e-06,6.96015334255e-07
21,31,0.0,0.0,5.28975011942e-12,0.0,0.0,5.03763697423e-12,0.0,1.54506037594e-12,2.21582011998e-12,0.0,8.59035065303e-12,7.78543896018e-12,6.91637145345,5.39588717787,8.19417835877,11.4704364509,14.7800001994,17.51168092,19.0647787728,19.0647787728,17.51168092,14.7800001994,11.4704364509,8.19417835877,5.39588717787,3.28105032073,1.846127829,0.963513721933,0.467721963257,0.211822075853,0.0897958644518,0.0357613260678,0.0134316608036,0.00477749969868,0.0016163097305,0.000522509194818,0.000162176309104,4.85692224217e-05,1.41071781109e-05,3.9949364002e-06,1.10891492285e-06,3.03385390883e-07,8.22643434853e-08,3.05269883445e-08
21,45,0.0,0.0,5.28975011942e-12,0.0,0.0,5.03763697423e-12,0.0,1.54506037594e-12,2.21582011998e-12,0.0,8.59035065303e-12,7.78543896018e-12,6.91637145345,5.39588717787,8.19417835877,11.4704364509,14.7800001994,17.51168092,19.0647787728,19.0647787728,17.51168092,14.7800001994,11.4704364509,8.19417835877,5.39588717787,3.28105032073,1.846127829,0.963513721933,0.467721963257,0.211822075853,0.0897958644518,0.0357613260678,0.0134316608036,0.00477749969868,0.0016163097305,0.000522509194818,0.000162176309104,4.85692224217e-05,1.41071781109e-05,3.9949364002e-06,1.10891492285e-06,3.03385390883e-07,8.22643434853e-08,3.05269883445e-08
21,56,0.0,0.0,5.28975011942e-12,0.0,0.0,5.03763697423e-12,0.0,1.54506037594e-12,2.21582011998e-12,0.0,8.59035065303e-12,7.78543896018e-12,6.91637145345,5.39588717787,8.19417835877,11.4704364509,14.7800001994,17.51168092,19.0647787728,19.0647787728,17.51168092,14.7800001994,11.4704364509,8.19417835877,5.39588717787,3.28105032073,1.846127829,0.963513721933,0.467721963257,0.211822075853,0.0897958644518,0.0357613260678,0.0134316608036,0.00477749969868,0.0016163097305,0.000522509194818,0.000162176309104,4.85692224217e-05,1.41071781109e-05,3.9949364002e-06,1.10891492285e-06,3.03385390883e-07,8.22643434853e-08,3.05269883445e-08
21,57,0.0,0.0,1.20606302723e-10,0.0,0.0,1.14858123013e-10,0.0,3.52273765714e-11,5.05206987356e-11,0.0,1.95859994889e-10,1.77508008292e-10,157.693269139,123.026227655,186.82726658,261.52595108,336.984004546,399.266324976,434.676956021,434.676956021,399.266324976,336.984004546,261.52595108,186.82726658,123.026227655,74.8079473127,42.0917145012,21.9681128601,10.6640607623,4.82954332946,2.0473457095,0.815358234347,0.306241866321,0.10892699313,0.0368518618554,0.0119132096419,0.00369761984758,0.00110737827121,0.000321643660928,9.10845499246e-05,2.5283260241e-05,6.91718691214e-06,1.87562703147e-06,6.96015334255e-07
21,77,0.0,0.0,1.20606302723e-10,0.0,0.0,1.14858123013e-10,0.0,3.52273765714e-11,5.05206987356e-11,0.0,1.95859994889e-10,1.77508008292e-10,157.693269139,123.026227655,186.82726658,261.52595108,336.984004546,399.266324976,434.676956021,434.676956021,399.266324976,336.984004546,261.52595108,186.82726658,123.026227655,74.8079473127,42.0917145012,21.9681128601,10.6640607623,4.82954332946,2.0473457095,0.815358234347,0.306241866321,0.10892699313,0.0368518618554,0.0119132096419,0.00369761984758,0.00110737827121,0.000321643660928,9.10845499246e-05,2.5283260241e-05,6.91718691214e-06,1.87562703147e-06,6.96015334255e-07
21,78,0.0,0.0,5.28975011942e-12,0.0,0.0,5.03763697423e-12,0.0,1.54506037594e-12,2.21582011998e-12,0.0,8.59035065303e-12,7.78543896018e-12,6.91637145345,5.39588717787,8.19417835877,11.4704364509,14.7800001994,17.51168092,19.0647787728,19.0647787728,17.51168092,14.7800001994,11.4704364509,8.19417835877,5.39588717787,3.28105032073,1.846127829,0.963513721933,0.467721963257,0.211822075853,0.0897958644518,0.0357613260678,0.0134316608036,0.00477749969868,0.0016163097305,0.000522509194818,0.000162176309104,4.85692224217e-05,1.41071781109e-05,3.9949364002e-06,1.10891492285e-06,3.03385390883e-07,8.22643434853e-08,3.05269883445e-08
21,92,0.0,0.0,1.20606302723e-10,0.0,0.0,1.14858123013e-10,0.0,3.52273765714e-11,5.05206987356e-11,0.0,1.95859994889e-10,1.77508008292e-10,157.693269139,123.026227655,186.82726658,261.52595108,336.984004546,399.266324976,434.676956021,434.676956021,399.266324976,336.984004546,261.52595108,186.82726658,123.026227655,74.8079473127,42.0917145012,21.9681128601,10.6640607623,4.82954332946,2.0473457095,0.815358234347,0.306241866321,0.10892699313,0.0368518618554,0.0119132096419,0.00369761984758,0.00110737827121,0.000321643660928,9.10845499246e-05,2.5283260241e-05,6.91718691214e-06,1.87562703147e-06,6.96015334255e-07
21,95,0.0,0.0,5.28975011942e-12,0.0,0.0,5.03763697423e-12,0.0,1.54506037594e-12,2.21582011998e-12,0.0,8.59035065303e-12,7.78543896018e-12,6.91637145345,5.39588717787,8.19417835877,11.4704364509,14.7800001994,17.51168092,19.0647787728,19.0647787728,17.51168092,14.7800001994,11.4704364509,8.19417835877,5.39588717787,3.28105032073,1.846127829,0.963513721933,0.467721963257,0.211822075853,0.0897958644518,0.0357613260678,0.0134316608036,0.00477749969868,0.0016163097305,0.000522509194818,0.000162176309104,4.85692224217e-05,1.41071781109e-05,3.9949364002e-06,1.10891492285e-06,3.03385390883e-07,8.22643434853e-08,3.05269883445e-08
21,100,0.0,0.0,5.28975011942e-12,0.0,0.0,5.03763697423e-12,0.0,1.54506037594e-12,2.21582011998e-12,0.0,8.59035065303e-12,7.78543896018e-12,6.91637145345,5.39588717787,8.19417835877,11.4704364509,14.7800001994,17.51168092,19.0647787728,19.0647787728,17.51168092,14.7800001994,11.4704364509,8.19417835877,5.39588717787,3.28105032073,1.846127829,0.963513721933,0.467721963257,0.211822075853,0.0897958644518,0.0357613260678,0.0134316608036,0.00477749969868,0.0016163097305,0.000522509194818,0.000162176309104,4.85692224217e-05,1.41071781109e-05,3.9949364002e-06,1.10891492285e-06,3.03385390883e-07,8.22643434853e-08,3.05269883445e-08
21,104,0.0,0.0,1.20606302723e-10,0.0,0.0,1.14858123013e-10,0.0,3.52273765714e-11,5.05206987356e-11,0.0,1.95859994889e-10,1.77508008292e-10,157.693269139,123.026227655,186.82726658,261.52595108,336.984004546,399.266324976,434.676956021,434.676956021,399.266324976,336.984004546,261.52595108,186.82726658,123.026227655,74.8079473127,42.0917145012,21.9681128601,10.6640607623,4.82954332946,2.0473457095,0.815358234347,0.306241866321,0.10892699313,0.0368518618554,0.0119132096419,0.00369761984758,0.00110737827121,0.000321643660928,9.10845499246e-05,2.5283260241e-05,6.91718691214e-06,1.87562703147e-06,6.96015334255e-07
34,16,0.0,0.0,6.03031513614e-11,0.0,0.0,5.74290615063e-11,0.0,1.76136882857e-11,2.52603493678e-11,0.0,9.79299974446e-11,8.87540041461e-11,78.8466345693,61.5131138277,93.4136332899,130.76297554,168.492002273,199.633162488,217.33847801,217.33847801,199.633162488,168.492002273,130.76297554,93.4136332899,61.5131138277,37.4039736564,21.0458572506,10.98405643,5.33203038113,2.41477166473,1.02367285475,0.407679117173,0.153120933161,0.054463496565,0.0184259309277,0.00595660482093,0.00184880992379,0.000553689135607,0.000160821830464,4.55422749623e-05,1.26416301205e-05,3.45859345607e-06,9.37813515733e-07,3.48007667127e-07
34,31,0.0,0.0,2.64487505971e-12,0.0,0.0,2.51881848712e-12,0.0,7.72530187968e-13,1.10791005999e-12,0.0,4.29517532652e-12,3.89271948009e-12,3.45818572672,2.69794358893,4.09708917938,5.73521822544,7.3900000997,8.75584046,9.53238938642,9.53238938642,8.75584046,7.3900000997,5.73521822544,4.09708917938,2.69794358893,1.64052516037,0.9230639145,0.481756860967,0.233860981628,0.105911037927,0.0448979322259,0.0178806630339,0.00671583040178,0.00238874984934,0.000808154865251,0.000261254597409,8.10881545521e-05,2.42846112108e-05,7.05358905543e-06,1.9974682001e-06,5.54457461425e-07,1.51692695442e-07,4.11321717427e-08,1.52634941723e-08
34,45,0.0,0.0,2.64487505971e-12,0.0,0.0,2.51881848712e-12,0.0,7.72530187968e-13,1.10791005999e-12,0.0,4.29517532652e-12,3.89271948009e-12,3.45818572672,2.69794358893,4.09708917938,5.73521822544,7.3900000997,8.75584046,9.53238938642,9.53238938642,8.75584046,7.3900000997,5.73521822544,4.09708917938,2.69794358893,1.64052516037,0.9230639145,0.481756860967,0.233860981628,0.105911037927,0.0448979322259,0.0178806630339,0.00671583040178,0.00238874984934,0.000808154865251,0.000261254597409,8.10881545521e-05,2.42846112108e-05,7.05358905543e-06,1.9974682001e-06,5.54457461425e-07,1.51692695442e-07,4.11321717427e-08,1.52634941723e-08
34,56,0.0,0.0,2.64487505971e-12,0.0,0.0,2.51881848712e-12,0.0,7.72530187968e-13,1.10791005999e-12,0.0,4.29517532652e-12,3.89271948009e-12,3.45818572672,2.69794358893,4.09708917938,5.73521822544,7.3900000997,8.75584046,9.53238938642,9.53238938642,8.75584046,7.3900000997,5.73521822544,4.09708917938,2.69794358893,1.64052516037,0.9230639145,0.481756860967,0.233860981628,0.105911037927,0.0448979322259,0.0178806630339,0.00671583040178,0.00238874984934,0.000808154865251,0.000261254597409,8.10881545521e-05,2.42846112108e-05,7.05358905543e-06,1.9974682001e-06,5.54457461425e-07,1.51692695442e-07,4.11321717427e-08,1.52634941723e-08
34,57,0.0,0.0,6.03031513614e-11,0.0,0.0,5.74290615063e-11,0.0,1.76136882857e-11,2.52603493678e-11,0.0,9.79299974446e-11,8.87540041461e-11,78.8466345693,61.5131138277,93.4136332899,130.76297554,168.492002273,199.633162488,217.33847801,217.33847801,199.633162488,168.492002273,130.76297554,93.4136332899,61.5131138277,37.4039736564,21.0458572506,10.98405643,5.33203038113,2.41477166473,1.02367285475,0.407679117173,0.153120933161,0.054463496565,0.0184259309277,0.00595660482093,0.00184880992379,0.000553689135607,0.000160821830464,4.55422749623e-05,1.26416301205e-05,3.45859345607e-06,9.37813515733e-07,3.48007667127e-07
34,77,0.0,0.0,6.03031513614e-11,0.0,0.0,5.74290615063e-11,0.0,1.76136882857e-11,2.52603493678e-11,0.0,9.79299974446e-11,8.87540041461e-11,78.8466345693,61.5131138277,93.4136332899,130.76297554,168.492002273,199.633162488,217.33847801,217.33847801,199.633162488,168.492002273,130.76297554,93.4136332899,61.5131138277,37.4039736564,21.0458572506,10.98405643,5.33203038113,2.41477166473,1.02367285475,0.407679117173,0.153120933161,0.054463496565,0.0184259309277,0.00595660482093,0.00184880992379,0.000553689135607,0.000160821830464,4.55422749623e-05,1.26416301205e-05,3.45859345607e-06,9.37813515733e-07,3.48007667127e-07
34,78,0.0,0.0,2.64487505971e-12,0.0,0.0,2.51881848712e-12,0.0,7.72530187968e-13,1.10791005999e-12,0.0,4.29517532652e-12,3.89271948009e-12,3.45818572672,2.69794358893,4.09708917938,5.73521822544,7.3900000997,8.75584046,9.53238938642,9.53238938642,8.75584046,7.3900000997,5.73521822544,4.09708917938,2.69794358893,1.64052516037,0.9230639145,0.481756860967,0.233860981628,0.105911037927,0.0448979322259,0.0178806630339,0.00671583040178,0.00238874984934,0.000808154865251,0.000261254597409,8.10881545521e-05,2.42846112108e-05,7.05358905543e-06,1.9974682001e-06,5.54457461425e-07,1.51692695442e-07,4.11321717427e-08,1.52634941723e-08
34,92,0.0,0.0,6.03031513614e-11,0.0,0.0,5.74290615063e-11,0.0,1.76136882857e-11,2.52603493678e-11,0.0,9.79299974446e-11,8.87540041461e-11,78.8466345693,61.5131138277,93.4136332899,130.76297554,168.492002273,199.633162488,217.33847801,217.33847801,199.633162488,168.492002273,130.76297554,93.4136332899,61.5131138277,37.4039736564,21.0458572506,10.98405643,5.33203038113,2.41477166473,1.02367285475,0.407679117173,0.153120933161,0.054463496565,0.0184259309277,0.00595660482093,0.00184880992379,0.000553689135607,0.000160821830464,4.55422749623e-05,1.26416301205e-05,3.45859345607e-06,9.37813515733e-07,3.48007667127e-07
34,95,0.0,0.0,2.64487505971e-12,0.0,0.0,2.51881848712e-12,0.0,7.72530187968e-13,1.10791005999e-12,0.0,4.29517532652e-12,3.89271948009e-12,3.45818572672,2.69794358893,4.09708917938,5.73521822544,7.3900000997,8.75584046,9.53238938642,9.53238938642,8.75584046,7.3900000997,5.73521822544,4.09708917938,2.69794358893,1.64052516037,0.9230639145,0.481756860967,0.233860981628,0.105911037927,0.0448979322259,0.0178806630339,0.00671583040178,0.00238874984934,0.000808154865251,0.000261254597409,8.10881545521e-05,2.42846112108e-05,7.05358905543e-06,1.9974682001e-06,5.54457461425e-07,1.51692695442e-07,4.11321717427e-08,1.52634941723e-08
34,100,0.0,0.0,2.64487505971e-12,0.0,0.0,2.51881848712e-12,0.0,7.72530187968e-13,1.10791005999e-12,0.0,4.29517532652e-12,3.89271948009e-12,3.45818572672,2.69794358893,4.09708917938,5.73521822544,7.3900000997,8.75584046,9.53238938642,9.53238938642,8.75584046,7.3900000997,5.73521822544,4.09708917938,2.69794358893,1.64052516037,0.9230639145,0.481756860967,0.233860981628,0.105911037927,0.0448979322259,0.0178806630339,0.00671583040178,0.00238874984934,0.000808154865251,0.000261254597409,8.10881545521e-05,2.42846112108e-05,7.05358905543e-06,1.9974682001e-06,5.54457461425e-07,1.51692695442e-07,4.11321717427e-08,1.52634941723e-08
34,104,0.0,0.0,6.03031513614e-11,0.0,0.0,5.74290615063e-11,0.0,1.76136882857e-11,2.52603493678e-11,0.0,9.79299974446e-11,8.87540041461e-11,78.8466345693,61.5131138277,93.4136332899,130.76297554,168.492002273,199.633162488,217.33847801,217.33847801,199.633162488,168.492002273,130.76297554,93.4136332899,61.5131138277,37.4039736564,21.0458572506,10.98405643,5.33203038113,2.41477166473,1.02367285475,0.407679117173,0.153120933161,0.054463496565,0.0184259309277,0.00595660482093,0.00184880992379,0.000553689135607,0.000160821830464,4.55422749623e-05,1.26416301205e-05,3.45859345607e-06,9.37813515733e-07,3.48007667127e-07
37,16,0.0,0.0,1.20606302723e-10,0.0,0.0,1.14858123013e-10,0.0,3.52273765714e-11,5.05206987356e-11,0.0,1.95859994889e-10,1.77508008292e-10,157.693269139,123.026227655,186.82726658,261.52595108,336.984004546,399.266324976,434.676956021,434.676956021,399.266324976,336.984004546,261.52595108,186.82726658,123.026227655,74.8079473127,42.0917145012,21.9681128601,10.6640607623,4.82954332946,2.0473457095,0.815358234347,0.306241866321,0.10892699313,0.0368518618554,0.0119132096419,0.00369761984758,0.00110737827121,0.000321643660928,9.10845499246e-05,2.5283260241e-05,6.91718691214e-06,1.87562703147e-06,6.96015334255e-07
37,31,0.0,0.0,5.28975011942e-12,0.0,0.0,5.03763697423e-12,0.0,1.54506037594e-12,2.21582011998e-12,0.0,8.59035065303e-12,7.78543896018e-12,6.91637145345,5.39588717787,8.19417835877,11.4704364509,14.7800001994,17.51168092,19.0647787728,19.0647787728,17.51168092,14.7800001994,11.4704364509,8.19417835877,5.39588717787,3.28105032073,1.846127829,0.963513721933,0.467721963257,0.211822075853,0.0897958644518,0.0357613260678,0.0134316608036,0.00477749969868,0.0016163097305,0.000522509194818,0.000162176309104,4.85692224217e-05,1.41071781109e-05,3.9949364002e-06,1.10891492285e-06,3.03385390883e-07,8.22643434853e-08,3.05269883445e-08
37,45,0.0,0.0,5.28975011942e-12,0.0,0.0,5.03763697423e-12,0.0,1.54506037594e-12,2.21582011998e-12,0.0,8.59035065303e-12,7.78543896018e-12,6.91637145345,5.39588717787,8.19417835877,11.4704364509,14.7800001994,17.51168092,19.0647787728,19.0647787728,17.51168092,14.7800001994,11.4704364509,8.19417835877,5.39588717787,3.28105032073,1.846127829,0.963513721933,0.467721963257,0.211822075853,0.0897958644518,0.0357613260678,0.0134316608036,0.00477749969868,0.0016163097305,0.000522509194818,0.000162176309104,4.85692224217e-05,1.41071781109e-05,3.9949364002e-06,1.10891492285e-06,3.03385390883e-07,8.22643434853e-08,3.05269883445e-08
37,56,0.0,0.0,5.28975011942e-12,0.0,0.0,5.03763697423e-12,0.0,1.54506037594e-12,2.21582011998e-12,0.0,8.59035065303e-12,7.78543896018e-12,6.91637145345,5.39588717787,8.19417835877,11.4704364509,14.7800001994,17.51168092,19.0647787728,19.0647787728,17.51168092,14.7800001994,11.4704364509,8.19417835877,5.39588717787,3.28105032073,1.846127829,0.963513721933,0.467721963257,0.211822075853,0.0897958644518,0.0357613260678,0.0134316608036,0.00477749969868,0.0016163097305,0.000522509194818,0.000162176309104,4.85692224217e-05,1.41071781109e-05,3.9949364002e-06,1.10891492285e-06,3.03385390883e-07,8.22643434853e-08,3.05269883445e-08
37,57,0.0,0.0,1.20606302723e-10,0.0,0.0,1.14858123013e-10,0.0,3.52273765714e-11,5.05206987356e-11,0.0,1.95859994889e-10,1.77508008292e-10,157.693269139,123.026227655,186.82726658,261.52595108,336.984004546,399.266324976,434.676956021,434.676956021,399.266324976,336.984004546,261.52595108,186.82726658,123.026227655,74.8079473127,42.0917145012,21.9681128601,10.6640607623,4.82954332946,2.0473457095,0.815358234347,0.306241866321,0.10892699313,0.0368518618554,0.0119132096419,0.00369761984758,0.00110737827121,0.000321643660928,9.10845499246e-05,2.5283260241e-05,6.91718691214e-06,1.87562703147e-06,6.96015334255e-07
37,77,0.0,0.0,1.20606302723e-10,0.0,0.0,1.14858123013e-10,0.0,3.52273765714e-11,5.05206987356e-11,0.0,1.95859994889e-10,1.77508008292e-10,157.693269139,123.026227655,186.82726658,261.52595108,336.984004546,399.266324976,434.676956021,434.676956021,399.266324976,336.984004546,261.52595108,186.82726658,123.026227655,74.8079473127,42.0917145012,21.9681128601,10.6640607623,4.82954332946,2.0473457095,0.815358234347,0.306241866321,0.10892699313,0.0368518618554,0.0119132096419,0.00369761984758,0.00110737827121,0.000321643660928,9.10845499246e-05,2.5283260241e-05,6.91718691214e-06,1.87562703147e-06,6.96015334255e-07
37,78,0.0,0.0,5.28975011942e-12,0.0,0.0,5.03763697423e-12,0.0,1.54506037594e-12,2.21582011998e-12,0.0,8.59035065303e-12,7.78543896018e-12,6.91637145345,5.39588717787,8.19417835877,11.4704364509,14.7800001994,17.51168092,19.0647787728,19.0647787728,17.51168092,14.7800001994,11.4704364509,8.19417835877,5.39588717787,3.28105032073,1.846127829,0.963513721933,0.467721963257,0.211822075853,0.0897958644518,0.0357613260678,0.0134316608036,0.00477749969868,0.0016163097305,0.000522509194818,0.000162176309104,4.85692224217e-05,1.41071781109e-05,3.9949364002e-06,1.10891492285e-06,3.03385390883e-07,8.22643434853e-08,3.05269883445e-08
37,92,0.0,0.0,1.20606302723e-10,0.0,0.0,1.14858123013e-10,0.0,3.52273765714e-11,5.05206987356e-11,0.0,1.95859994889e-10,1.77508008292e-10,157.693269139,123.026227655,186.82726658,261.52595108,336.984004546,399.266324976,434.676956021,434.676956021,399.266324976,336.984004546,261.52595108,186.82726658,123.026227655,74.8079473127,42.0917145012,21.9681128601,10.6640607623,4.82954332946,2.0473457095,0.815358234347,0.306241866321,0.10892699313,0.0368518618554,0.0119132096419,0.00369761984758,0.00110737827121,0.000321643660928,9.10845499246e-05,2.5283260241e-05,6.91718691214e-06,1.87562703147e-06,6.96015334255e-07
37,95,0.0,0.0,5.28975011942e-12,0.0,0.0,5.03763697423e-12,0.0,1.54506037594e-12,2.21582011998e-12,0.0,8.59035065303e-12,7.78543896018e-12,6.91637145345,5.39588717787,8.19417835877,11.4704364509,14.7800001994,17.51168092,19.0647787728,19.0647787728,17.51168092,14.7800001994,11.4704364509,8.19417835877,5.39588717787,3.28105032073,1.846127829,0.963513721933,0.467721963257,0.211822075853,0.0897958644518,0.0357613260678,0.0134316608036,0.00477749969868,0.0016163097305,0.000522509194818,0.000162176309104,4.85692224217e-05,1.41071781109e-05,3.9949364002e-06,1.10891492285e-06,3.03385390883e-07,8.22643434853e-08,3.05269883445e-08
37,100,0.0,0.0,5.28975011942e-12,0.0,0.0,5.03763697423e-12,0.0,1.54506037594e-12,2.21582011998e-12,0.0,8.59035065303e-12,7.78543896018e-12,6.91637145345,5.39588717787,8.19417835877,11.4704364509,14.7800001994,17.51168092,19.0647787728,19.0647787728,17.51168092,14.7800001994,11.4704364509,8.19417835877,5.39588717787,3.28105032073,1.846127829,0.963513721933,0.467721963257,0.211822075853,0.0897958644518,0.0357613260678,0.0134316608036,0.00477749969868,0.0016163097305,0.000522509194818,0.000162176309104,4.85692224217e-05,1.41071781109e-05,3.9949364002e-06,1.10891492285e-06,3.03385390883e-07,8.22643434853e-08,3.05269883445e-08
37,104,0.0,0.0,1.20606302723e-10,0.0,0.0,1.14858123013e-10,0.0,3.52273765714e-11,5.05206987356e-11,0.0,1.95859994889e-10,1.77508008292e-10,157.693269139,123.026227655,186.82726658,261.52595108,336.984004546,399.266324976,434.676956021,434.676956021,399.266324976,336.984004546,261.52595108,186.82726658,123.026227655,74.8079473127,42.0917145012,21.9681128601,10.6640607623,4.82954332946,2.0473457095,0.815358234347,0.306241866321,0.10892699313,0.0368518618554,0.0119132096419,0.00369761984758,0.00110737827121,0.000321643660928,9.10845499246e-05,2.5283260241e-05,6.91718691214e-06,1.87562703147e-06,6.96015334255e-07
46,16,0.0081056496396,0.00729516231311,0.00670186708278,0.00628677062023,0.00602350226544,0.00589575837511,0.00589575183065,0.00602347996531,0.00628672338339,0.00670177504568,0.00729498585195,0.0081053113185,18.8098597597,6.90936766434,9.26083171975,12.28694813,16.1178214278,20.8806436528,26.6861225196,33.6111231448,41.678597147,50.8368701618,60.9413328201,71.7422673561,82.8826500618,93.9090619072,104.297231221,113.491369131,120.953739307,126.218421752,128.941633841,128.940774844,126.215766971,120.949072646,113.484388552,104.287636117,93.896670534,82.8675323775,71.724866412,60.9225384038,50.8180080951,41.6613112374,33.5971539111,111.097770437
46,31,0.000361652192476,0.000323197355009,0.000295663523898,0.000276667382138,0.000264706037861,0.000258886757187,0.000258777647577,0.000264334377361,0.000275880141312,0.000294129542974,0.000320256383369,0.000356013452452,1.75368965043,0.660016820935,0.84639112952,1.06003959778,1.29874686755,1.56021049737,1.84290788449,2.14663749597,2.47240665523,2.82152340429,3.19402612484,3.58684822558,3.99226161892,4.39711412679,4.78318466094,5.12869664461,5.41074788699,5.60821190746,5.7045819364,5.69026533436,5.56396557175,5.3329702066,5.01235365486,4.62326624675,4.19059124002,3.74030021465,3.29683249026,2.88078585315,2.50715562626,2.18430816171,1.91381693413,11.4582618312
46,45,0.000361652192476,0.000323197355009,0.000295663523898,0.000276667382138,0.000264706037861,0.000258886757187,0.000258777647577,0.000264334377361,0.000275880141312,0.000294129542974,0.000320256383369,0.000356013452452,1.75368965043,0.660016820935,0.84639112952,1.06003959778,1.29874686755,1.56021049737,1.84290788449,2.14663749597,2.47240665523,2.82152340429,3.19402612484,3.58684822558,3.99226161892,4.39711412679,4.78318466094,5.12869664461,5.41074788699,5.60821190746,5.7045819364,5.69026533436,5.56396557175,5.3329702066,5.01235365486,4.62326624675,4.19059124002,3.74030021465,3.29683249026,2.88078585315,2.50715562626,2.18430816171,1.91381693413,11.4582618312
46,56,0.000361652192476,0.000323197355009,0.000295663523898,0.000276667382138,0.000264706037861,0.000258886757187,0.000258777647577,0.000264334377361,0.000275880141312,0.000294129542974,0.000320256383369,0.000356013452452,1.75368965043,0.660016820935,0.84639112952,1.06003959778,1.29874686755,1.56021049737,1.84290788449,2.14663749597,2.47240665523,2.82152340429,3.19402612484,3.58684822558,3.99226161892,4.39711412679,4.78318466094,5.12869664461,5.41074788699,5.60821190746,5.7045819364,5.69026533436,5.56396557175,5.3329702066,5.01235365486,4.62326624675,4.19059124002,3.74030021465,3.29683249026,2.88078585315,2.50715562626,2.18430816171,1.91381693413,11.4582618312
46,57,0.0081056496396,0.00729516231311,0.00670186708278,0.00628677062023,0.00602350226544,0.00589575837511,0.00589575183065,0.00602347996531,0.00628672338339,0.00670177504568,0.00729498585195,0.0081053113185,18.8098597597,6.90936766434,9.26083171975,12.28694813,16.1178214278,20.8806436528,26.6861225196,33.6111231448,41.678597147,50.8368701618,60.9413328201,71.7422673561,82.8826500618,93.9090619072,104.297231221,113.491369131,120.953739307,126.218421752,128.941633841,128.940774844,126.215766971,120.949072646,113.484388552,104.287636117,93.896670534,82.8675323775,71.724866412,60.9225384038,50.8180080951,41.6613112374,33.5971539111,111.097770437
46,77,0.0081056496396,0.00729516231311,0.00670186708278,0.00628677062023,0.00602350226544,0.00589575837511,0.00589575183065,0.00602347996531,0.00628672338339,0.00670177504568,0.00729498585195,0.0081053113185,18.8098597597,6.90936766434,9.26083171975,12.28694813,16.1178214278,20.8806436528,26.6861225196,33.6111231448,41.678597147,50.8368701618,60.9413328201,71.7422673561,82.8826500618,93.9090619072,104.297231221,113.491369131,120.953739307,126.218421752,128.941633841,128.940774844,126.215766971,120.949072646,113.484388552,104.287636117,93.896670534,82.8675323775,71.724866412,60.9225384038,50.8180080951,41.6613112374,33.5971539111,111.097770437
46,78,0.000361652192476,0.000323197355009,0.000295663523898,0.000276667382138,0.000264706037861,0.000258886757187,0.000258777647577,0.000264334377361,0.000275880141312,0.000294129542974,0.000320256383369,0.000356013452452,1.75368965043,0.660016820935,0.84639112952,1.06003959778,1.29874686755,1.56021049737,1.84290788449,2.14663749597,2.47240665523,2.82152340429,3.19402612484,3.58684822558,3.99226161892,4.39711412679,4.78318466094,5.12869664461,5.41074788699,5.60821190746,5.7045819364,5.69026533436,5.56396557175,5.3329702066,5.01235365486,4.62326624675,4.19059124002,3.74030021465,3.29683249026,2.88078585315,2.50715562626,2.18430816171,1.91381693413,11.4582618312
46,92,0.0081056496396,0.00729516231311,0.00670186708278,0.00628677062023,0.00602350226544,0.00589575837511,0.00589575183065,0.00602347996531,0.00628672338339,0.00670177504568,0.00729498585195,0.0081053113185,18.8098597597,6.90936766434,9.26083171975,12.28694813,16.1178214278,20.8806436528,26.6861225196,33.6111231448,41.678597147,50.8368701618,60.9413328201,71.7422673561,82.8826500618,93.9090619072,104.297231221,113.491369131,120.953739307,126.218421752,128.941633841,128.940774844,126.215766971,120.949072646,113.484388552,104.287636117,93.896670534,82.8675323775,71.724866412,60.9225384038,50.8180080951,41.6613112374,33.5971539111,111.097770437
46,95,0.000361652192476,0.000323197355009,0.000295663523898,0.000276667382138,0.000264706037861,0.000258886757187,0.000258777647577,0.000264334377361,0.000275880141312,0.000294129542974,0.000320256383369,0.000356013452452,1.75368965043,0.660016820935,0.84639112952,1.06003959778,1.29874686755,1.56021049737,1.84290788449,2.14663749597,2.47240665523,2.82152340429,3.19402612484,3.58684822558,3.99226161892,4.39711412679,4.78318466094,5.12869664461,5.41074788699,5.60821190746,5.7045819364,5.69026533436,5.56396557175,5.3329702066,5.01235365486,4.62326624675,4.19059124002,3.74030021465,3.29683249026,2.88078585315,2.50715562626,2.18430816171,1.91381693413,11.4582618312
46,100,0.000361652192476,0.000323197355009,0.000295663523898,0.000276667382138,0.000264706037861,0.000258886757187,0.000258777647577,0.000264334377361,0.000275880141312,0.000294129542974,0.000320256383369,0.000356013452452,1.75368965043,0.660016820935,0.84639112952,1.06003959778,1.29874686755,1.56021049737,1.84290788449,2.14663749597,2.47240665523,2.82152340429,3.19402612484,3.58684822558,3.99226161892,4.39711412679,4.78318466094,5.12869664461,5.41074788699,5.60821190746,5.7045819364,5.69026533436,5.56396557175,5.3329702066,5.01235365486,4.62326624675,4.19059124002,3.74030021465,3.29683249026,2.88078585315,2.50715562626,2.18430816171,1.91381693413,11.4582618312
46,104,0.0081056496396,0.00729516231311,0.00670186708278,0.00628677062023,0.00602350226544,0.00589575837511,0.00589575183065,0.00602347996531,0.00628672338339,0.00670177504568,0.00729498585195,0.0081053113185,18.8098597597,6.90936766434,9.26083171975,12.28694813,16.1178214278,20.8806436528,26.6861225196,33.6111231448,41.678597147,50.8368701618,60.9413328201,71.7422673561,82.8826500618,93.9090619072,104.297231221,113.491369131,120.953739307,126.218421752,128.941633841,128.940774844,126.215766971,120.949072646,113.484388552,104.287636117,93.896670534,82.8675323775,71.724866412,60.9225384038,50.8180080951,41.6613112374,33.5971539111,111.097770437
49,16,8.42338774022e-05,4.43591632918e-05,2.36189122899e-05,1.27810498552e-05,7.0959121323e-06,4.1266729138e-06,2.63405218328e-06,2.01159679048e-06,2.01159678414e-06,2.63405219753e-06,4.12667298183e-06,7.09591189024e-06,12.7380798248,4.89629449731,6.03802114933,7.14798330205,8.11752620253,8.83855276173,9.22357892422,9.22359968882,8.838624293,8.11768039043,7.14828898251,6.03861440279,4.89743690158,3.81712918702,2.86316206586,2.07119914362,1.45060489126,0.991896095959,0.675478159766,0.479627043835,0.386606223428,0.386606223428,0.479627043835,0.675478159766,0.991896095959,1.45060489126,2.07119914362,2.86316206586,3.81712918702,4.89743690158,6.03861440279,90.3280650236
49,31,3.69446830711e-06,1.94557733736e-06,1.0359172057e-06,5.60572362071e-07,3.11224216329e-07,1.80994426044e-07,1.1552860453e-07,8.8227929407e-08,8.8227929129e-08,1.15528605155e-07,1.80994429027e-07,3.11224205712e-07,0.558687711612,0.214749758654,0.264825489006,0.313508039564,0.356031850988,0.387655822883,0.404542935273,0.404543846001,0.387658960219,0.356038613615,0.313521446601,0.264851508894,0.214799864105,0.167417946799,0.12557728359,0.0908420677026,0.0636230215465,0.0435042147351,0.0296262350774,0.0210362738524,0.0169564133083,0.0169564133083,0.0210362738524,0.0296262350774,0.0435042147351,0.0636230215465,0.0908420677026,0.12557728359,0.167417946799,0.214799864105,0.264851508894,3.96175723788
49,45,3.69446830711e-06,1.94557733736e-06,1.0359172057e-06,5.60572362071e-07,3.11224216329e-07,1.80994426044e-07,1.1552860453e-07,8.8227929407e-08,8.8227929129e-08,1.15528605155e-07,1.80994429027e-07,3.11224205712e-07,0.558687711612,0.214749758654,0.264825489006,0.313508039564,0.356031850988,0.387655822883,0.404542935273,0.404543846001,0.387658960219,0.356038613615,0.313521446601,0.264851508894,0.214799864105,0.167417946799,0.12557728359,0.0908420677026,0.0636230215465,0.0435042147351,0.0296262350774,0.0210362738524,0.0169564133083,0.0169564133083,0.0210362738524,0.0296262350774,0.0435042147351,0.0636230215465,0.0908420677026,0.12557728359,0.167417946799,0.214799864105,0.264851508894,3.96175723788
49,56,3.69446830711e-06,1.94557733736e-06,1.0359172057e-06,5.60572362071e-07,3.11224216329e-07,1.80994426044e-07,1.1552860453e-07,8.8227929407e-08,8.8227929129e-08,1.15528605155e-07,1.80994429027e-07,3.11224205712e-07,0.558687711612,0.214749758654,0.264825489006,0.313508039564,0.356031850988,0.387655822883,0.404542935273,0.404543846001,0.387658960219,0.356038613615,0.313521446601,0.264851508894,0.214799864105,0.167417946799,0.12557728359,0.0908420677026,0.0636230215465,0.0435042147351,0.0296262350774,0.0210362738524,0.0169564133083,0.0169564133083,0.0210362738524,0.0296262350774,0.0435042147351,0.0636230215465,0.0908420677026,0.12557728359,0.167417946799,0.214799864105,0.264851508894,3.96175723788
49,57,8.42338774022e-05,4.43591632918e-05,2.36189122899e-05,1.27810498552e-05,7.0959121323e-06,4.1266729138e-06,2.63405218328e-06,2.01159679048e-06,2.01159678414e-06,2.63405219753e-06,4.12667298183e-06,7.09591189024e-06,12.7380798248,4.89629449731,6.03802114933,7.14798330205,8.11752620253,8.83855276173,9.22357892422,9.22359968882,8.838624293,8.11768039043,7.14828898251,6.03861440279,4.89743690158,3.81712918702,2.86316206586,2.07119914362,1.45060489126,0.991896095959,0.675478159766,0.479627043835,0.386606223428,0.386606223428,0.479627043835,0.675478159766,0.991896095959,1.45060489126,2.07119914362,2.86316206586,3.81712918702,4.89743690158,6.03861440279,90.3280650236
49,77,8.42338774022e-05,4.43591632918e-05,2.36189122899e-05,1.27810498552e-05,7.0959121323e-06,4.1266729138e-06,2.63405218328e-06,2.01159679048e-06,2.01159678414e-06,2.63405219753e-06,4.12667298183e-06,7.09591189024e-06,12.7380798248,4.89629449731,6.03802114933,7.14798330205,8.11752620253,8.83855276173,9.22357892422,9.22359968882,8.838624293,8.11768039043,7.14828898251,6.03861440279,4.89743690158,3.81712918702,2.86316206586,2.07119914362,1.45060489126,0.991896095959,0.675478159766,0.479627043835,0.386606223428,0.386606223428,0.479627043835,0.675478159766,0.991896095959,1.45060489126,2.07119914362,2.86316206586,3.81712918702,4.89743690158,6.03861440279,90.3280650236
49,78,3.69446830711e-06,1.94557733736e-06,1.0359172057e-06,5.60572362071e-07,3.11224216329e-07,1.80994426044e-07,1.1552860453e-07,8.8227929407e-08,8.8227929129e-08,1.15528605155e-07,1.80994429027e-07,3.11224205712e-07,0.558687711612,0.214749758654,0.264825489006,0.313508039564,0.356031850988,0.387655822883,0.404542935273,0.404543846001,0.387658960219,0.356038613615,0.313521446601,0.264851508894,0.214799864105,0.167417946799,0.12557728359,0.0908420677026,0.0636230215465,0.0435042147351,0.0296262350774,0.0210362738524,0.0169564133083,0.0169564133083,0.0210362738524,0.0296262350774,0.0435042147351,0.0636230215465,0.0908420677026,0.12557728359,0.167417946799,0.214799864105,0.264851508894,3.96175723788
49,92,8.42338774022e-05,4.43591632918e-05,2.36189122899e-05,1.27810498552e-05,7.0959121323e-06,4.1266729138e-06,2.63405218328e-06,2.01159679048e-06,2.01159678414e-06,2.63405219753e-06,4.12667298183e-06,7.09591189024e-06,12.7380798248,4.89629449731,6.03802114933,7.14798330205,8.11752620253,8.83855276173,9.22357892422,9.22359968882,8.838624293,8.11768039043,7.14828898251,6.03861440279,4.89743690158,3.81712918702,2.86316206586,2.07119914362,1.45060489126,0.991896095959,0.675478159766,0.479627043835,0.386606223428,0.386606223428,0.479627043835,0.675478159766,0.991896095959,1.45060489126,2.07119914362,2.86316206586,3.81712918702,4.89743690158,6.03861440279,90.3280650236
49,95,3.69446830711e-06,1.94557733736e-06,1.0359172057e-06,5.60572362071e-07,3.11224216329e-07,1.80994426044e-07,1.1552860453e-07,8.8227929407e-08,8.8227929129e-08,1.15528605155e-07,1.80994429027e-07,3.11224205712e-07,0.558687711612,0.214749758654,0.264825489006,0.313508039564,0.356031850988,0.387655822883,0.404542935273,0.404543846001,0.387658960219,0.356038613615,0.313521446601,0.264851508894,0.214799864105,0.167417946799,0.12557728359,0.0908420677026,0.0636230215465,0.0435042147351,0.0296262350774,0.0210362738524,0.0169564133083,0.0169564133083,0.0210362738524,0.0296262350774,0.0435042147351,0.0636230215465,0.0908420677026,0.12557728359,0.167417946799,0.214799864105,0.264851508894,3.96175723788
49,100,3.69446830711e-06,1.94557733736e-06,1.0359172057e-06,5.60572362071e-07,3.11224216329e-07,1.80994426044e-07,1.1552860453e-07,8.8227929407e-08,8.8227929129e-08,1.15528605155e-07,1.80994429027e-07,3.11224205712e-07,0.558687711612,0.214749758654,0.264825489006,0.313508039564,0.356031850988,0.387655822883,0.404542935273,0.404543846001,0.387658960219,0.356038613615,0.313521446601,0.264851508894,0.214799864105,0.167417946799,0.12557728359,0.0908420677026,0.0636230215465,0.0435042147351,0.0296262350774,0.0210362738524,0.0169564133083,0.0169564133083,0.0210362738524,0.0296262350774,0.0435042147351,0.0636230215465,0.0908420677026,0.12557728359,0.167417946799,0.214799864105,0.264851508894,3.96175723788
49,104,8.42338774022e-05,4.43591632918e-05,2.36189122899e-05,1.27810498552e-05,7.0959121323e-06,4.1266729138e-06,2.63405218328e-06,2.01159679048e-06,2.01159678414e-06,2.63405219753e-06,4.12667298183e-06,7.09591189024e-06,12.7380798248,4.89629449731,6.03802114933,7.14798330205,8.11752620253,8.83855276173,9.22357892422,9.22359968882,8.838624293,8.11768039043,7.14828898251,6.03861440279,4.89743690158,3.81712918702,2.86316206586,2.07119914362,1.45060489126,0.991896095959,0.675478159766,0.479627043835,0.386606223428,0.386606223428,0.479627043835,0.675478159766,0.991896095959,1.45060489126,2.07119914362,2.86316206586,3.81712918702,4.89743690158,6.03861440279,90.3280650236
59,16,8.42338774022e-05,4.43591632918e-05,2.36189122899e-05,1.27810498552e-05,7.0959121323e-06,4.1266729138e-06,2.63405218328e-06,2.01159679048e-06,2.01159678414e-06,2.63405219753e-06,4.12667298183e-06,7.09591189024e-06,12.7380798248,4.89629449731,6.03802114933,7.14798330205,8.11752620253,8.83855276173,9.22357892422,9.22359968882,8.838624293,8.11768039043,7.14828898251,6.03861440279,4.89743690158,3.81712918702,2.86316206586,2.07119914362,1.45060489126,0.991896095959,0.675478159766,0.479627043835,0.386606223428,0.386606223428,0.479627043835,0.675478159766,0.991896095959,1.45060489126,2.07119914362,2.86316206586,3.81712918702,4.89743690158,6.03861440279,90.3280650236
59,31,3.69446830711e-06,1.94557733736e-06,1.0359172057e-06,5.60572362071e-07,3.11224216329e-07,1.80994426044e-07,1.1552860453e-07,8.8227929407e-08,8.8227929129e-08,1.15528605155e-07,1.80994429027e-07,3.11224205712e-07,0.558687711612,0.214749758654,0.264825489006,0.313508039564,0.356031850988,0.387655822883,0.404542935273,0.404543846001,0.387658960219,0.356038613615,0.313521446601,0.264851508894,0.214799864105,0.167417946799,0.12557728359,0.0908420677026,0.0636230215465,0.0435042147351,0.0296262350774,0.0210362738524,0.0169564133083,0.0169564133083,0.0210362738524,0.0296262350774,0.0435042147351,0.0636230215465,0.0908420677026,0.12557728359,0.167417946799,0.214799864105,0.264851508894,3.96175723788
59,45,3.69446830711e-06,1.94557733736e-06,1.0359172057e-06,5.60572362071e-07,3.11224216329e-07,1.80994426044e-07,1.1552860453e-07,8.8227929407e-08,8.8227929129e-08,1.15528605155e-07,1.80994429027e-07,3.11224205712e-07,0.558687711612,0.214749758654,0.264825489006,0.313508039564,0.356031850988,0.387655822883,0.404542935273,0.404543846001,0.387658960219,0.356038613615,0.313521446601,0.264851508894,0.214799864105,0.167417946799,0.12557728359,0.0908420677026,0.0636230215465,0.0435042147351,0.0296262350774,0.0210362738524,0.0169564133083,0.0169564133083,0.0210362738524,0.0296262350774,0.0435042147351,0.0636230215465,0.0908420677026,0.12557728359,0.167417946799,0.214799864105,0.264851508894,3.96175723788
59,56,3.69446830711e-06,1.94557733736e-06,1.0359172057e-06,5.60572362071e-07,3.11224216329e-07,1.80994426044e-07,1.1552860453e-07,8.8227929407e-08,8.8227929129e-08,1.15528605155e-07,1.80994429027e-07,3.11224205712e-07,0.558687711612,0.214749758654,0.264825489006,0.313508039564,0.356031850988,0.387655822883,0.404542935273,0.404543846001,0.387658960219,0.356038613615,0.313521446601,0.264851508894,0.214799864105,0.167417946799,0.12557728359,0.0908420677026,0.0636230215465,0.0435042147351,0.0296262350774,0.0210362738524,0.0169564133083,0.0169564133083,0.0210362738524,0.0296262350774,0.0435042147351,0.0636230215465,0.0908420677026,0.12557728359,0.167417946799,0.214799864105,0.264851508894,3.96175723788
59,57,8.42338774022e-05,4.43591632918e-05,2.36189122899e-05,1.27810498552e-05,7.0959121323e-06,4.1266729138e-06,2.63405218328e-06,2.01159679048e-06,2.01159678414e-06,2.63405219753e-06,4.12667298183e-06,7.09591189024e-06,12.7380798248,4.89629449731,6.03802114933,7.14798330205,8.11752620253,8.83855276173,9.22357892422,9.22359968882,8.838624293,8.11768039043,7.14828898251,6.03861440279,4.89743690158,3.81712918702,2.86316206586,2.07119914362,1.45060489126,0.991896095959,0.675478159766,0.479627043835,0.386606223428,0.386606223428,0.479627043835,0.675478159766,0.991896095959,1.45060489126,2.07119914362,2.86316206586,3.81712918702,4.89743690158,6.03861440279,90.3280650236
59,77,8.42338774022e-05,4.43591632918e-05,2.36189122899e-05,1.27810498552e-05,7.0959121323e-06,4.1266729138e-06,2.63405218328e-06,2.01159679048e-06,2.01159678414e-06,2.63405219753e-06,4.12667298183e-06,7.09591189024e-06,12.7380798248,4.89629449731,6.03802114933,7.14798330205,8.11752620253,8.83855276173,9.22357892422,9.22359968882,8.838624293,8.11768039043,7.14828898251,6.03861440279,4.89743690158,3.81712918702,2.86316206586,2.07119914362,1.45060489126,0.991896095959,0.675478159766,0.479627043835,0.386606223428,0.386606223428,0.479627043835,0.675478159766,0.991896095959,1.45060489126,2.07119914362,2.86316206586,3.81712918702,4.89743690158,6.03861440279,90.3280650236
59,78,3.69446830711e-06,1.94557733736e-06,1.0359172057e-06,5.60572362071e-07,3.11224216329e-07,1.80994426044e-07,1.1552860453e-07,8.8227929407e-08,8.8227929129e-08,1.15528605155e-07,1.80994429027e-07,3.11224205712e-07,0.558687711612,0.214749758654,0.264825489006,0.313508039564,0.356031850988,0.387655822883,0.404542935273,0.404543846001,0.387658960219,0.356038613615,0.313521446601,0.264851508894,0.214799864105,0.167417946799,0.12557728359,0.0908420677026,0.0636230215465,0.0435042147351,0.0296262350774,0.0210362738524,0.0169564133083,0.0169564133083,0.0210362738524,0.0296262350774,0.0435042147351,0.0636230215465,0.0908420677026,0.12557728359,0.167417946799,0.214799864105,0.264851508894,3.96175723788
59,92,8.42338774022e-05,4.43591632918e-05,2.36189122899e-05,1.27810498552e-05,7.0959121323e-06,4.1266729138e-06,2.63405218328e-06,2.01159679048e-06,2.01159678414e-06,2.63405219753e-06,4.12667298183e-06,7.09591189024e-06,12.7380798248,4.89629449731,6.03802114933,7.14798330205,8.11752620253,8.83855276173,9.22357892422,9.22359968882,8.838624293,8.11768039043,7.14828898251,6.03861440279,4.89743690158,3.81712918702,2.86316206586,2.07119914362,1.45060489126,0.991896095959,0.675478159766,0.479627043835,0.386606223428,0.386606223428,0.479627043835,0.675478159766,0.991896095959,1.45060489126,2.07119914362,2.86316206586,3.81712918702,4.89743690158,6.03861440279,90.3280650236
59,95,3.69446830711e-06,1.94557733736e-06,1.0359172057e-06,5.60572362071e-07,3.11224216329e-07,1.80994426044e-07,1.1552860453e-07,8.8227929407e-08,8.8227929129e-08,1.15528605155e-07,1.80994429027e-07,3.11224205712e-07,0.558687711612,0.214749758654,0.264825489006,0.313508039564,0.356031850988,0.387655822883,0.404542935273,0.404543846001,0.387658960219,0.356038613615,0.313521446601,0.264851508894,0.214799864105,0.167417946799,0.12557728359,0.0908420677026,0.0636230215465,0.0435042147351,0.0296262350774,0.0210362738524,0.0169564133083,0.0169564133083,0.0210362738524,0.0296262350774,0.0435042147351,0.0636230215465,0.0908420677026,0.12557728359,0.167417946799,0.214799864105,0.264851508894,3.96175723788
59,100,3.69446830711e-06,1.94557733736e-06,1.0359172057e-06,5.60572362071e-07,3.11224216329e-07,1.80994426044e-07,1.1552860453e-07,8.8227929407e-08,8.8227929129e-08,1.15528605155e-07,1.80994429027e-07,3.11224205712e-07,0.558687711612,0.214749758654,0.264825489006,0.313508039564,0.356031850988,0.387655822883,0.404542935273,0.404543846001,0.387658960219,0.356038613615,0.313521446601,0.264851508894,0.214799864105,0.167417946799,0.12557728359,0.0908420677026,0.0636230215465,0.0435042147351,0.0296262350774,0.0210362738524,0.0169564133083,0.0169564133083,0.0210362738524,0.0296262350774,0.0435042147351,0.0636230215465,0.0908420677026,0.12557728359,0.167417946799,0.214799864105,0.264851508894,3.96175723788
59,104,8.42338774022e-05,4.43591632918e-05,2.36189122899e-05,1.27810498552e-05,7.0959121323e-06,4.1266729138e-06,2.63405218328e-06,2.01159679048e-06,2.01159678414e-06,2.63405219753e-06,4.12667298183e-06,7.09591189024e-06,12.7380798248,4.89629449731,6.03802114933,7.14798330205,8.11752620253,8.83855276173,9.22357892422,9.22359968882,8.838624293,8.11768039043,7.14828898251,6.03861440279,4.89743690158,3.81712918702,2.86316206586,2.07119914362,1.45060489126,0.991896095959,0.675478159766,0.479627043835,0.386606223428,0.386606223428,0.479627043835,0.675478159766,0.991896095959,1.45060489126,2.07119914362,2.86316206586,3.81712918702,4.89743690158,6.03861440279,90.3280650236
88,16,8.42338774022e-05,4.43591632918e-05,2.36189122899e-05,1.27810498552e-05,7.0959121323e-06,4.1266729138e-06,2.63405218328e-06,2.01159679048e-06,2.01159678414e-06,2.63405219753e-06,4.12667298183e-06,7.09591189024e-06,12.7380798248,4.89629449731,6.03802114933,7.14798330205,8.11752620253,8.83855276173,9.22357892422,9.22359968882,8.838624293,8.11768039043,7.14828898251,6.03861440279,4.89743690158,3.81712918702,2.86316206586,2.07119914362,1.45060489126,0.991896095959,0.675478159766,0.479627043835,0.386606223428,0.386606223428,0.479627043835,0.675478159766,0.991896095959,1.45060489126,2.07119914362,2.86316206586,3.81712918702,4.89743690158,6.03861440279,90.3280650236
88,31,3.69446830711e-06,1.94557733736e-06,1.0359172057e-06,5.60572362071e-07,3.11224216329e-07,1.80994426044e-07,1.1552860453e-07,8.8227929407e-08,8.8227929129e-08,1.15528605155e-07,1.80994429027e-07,3.11224205712e-07,0.558687711612,0.214749758654,0.264825489006,0.313508039564,0.356031850988,0.387655822883,0.404542935273,0.404543846001,0.387658960219,0.356038613615,0.313521446601,0.264851508894,0.214799864105,0.167417946799,0.12557728359,0.0908420677026,0.0636230215465,0.0435042147351,0.0296262350774,0.0210362738524,0.0169564133083,0.0169564133083,0.0210362738524,0.0296262350774,0.0435042147351,0.0636230215465,0.0908420677026,0.12557728359,0.167417946799,0.214799864105,0.264851508894,3.96175723788
88,45,3.69446830711e-06,1.94557733736e-06,1.0359172057e-06,5.60572362071e-07,3.11224216329e-07,1.80994426044e-07,1.1552860453e-07,8.8227929407e-08,8.8227929129e-08,1.15528605155e-07,1.80994429027e-07,3.11224205712e-07,0.558687711612,0.214749758654,0.264825489006,0.313508039564,0.356031850988,0.387655822883,0.404542935273,0.404543846001,0.387658960219,0.356038613615,0.313521446601,0.264851508894,0.214799864105,0.167417946799,0.12557728359,0.0908420677026,0.0636230215465,0.0435042147351,0.0296262350774,0.0210362738524,0.0169564133083,0.0169564133083,0.0210362738524,0.0296262350774,0.0435042147351,0.0636230215465,0.0908420677026,0.12557728359,0.167417946799,0.214799864105,0.264851508894,3.96175723788
88,56,3.69446830711e-06,1.94557733736e-06,1.0359172057e-06,5.60572362071e-07,3.11224216329e-07,1.80994426044e-07,1.1552860453e-07,8.8227929407e-08,8.8227929129e-08,1.15528605155e-07,1.80994429027e-07,3.11224205712e-07,0.558687711612,0.214749758654,0.264825489006,0.313508039564,0.356031850988,0.387655822883,0.404542935273,0.404543846001,0.387658960219,0.356038613615,0.313521446601,0.264851508894,0.214799864105,0.167417946799,0.12557728359,0.0908420677026,0.0636230215465,0.0435042147351,0.0296262350774,0.0210362738524,0.0169564133083,0.0169564133083,0.0210362738524,0.0296262350774,0.0435042147351,0.0636230215465,0.0908420677026,0.12557728359,0.167417946799,0.214799864105,0.264851508894,3.96175723788
88,57,8.42338774022e-05,4.43591632918e-05,2.36189122899e-05,1.27810498552e-05,7.0959121323e-06,4.1266729138e-06,2.63405218328e-06,2.01159679048e-06,2.01159678414e-06,2.63405219753e-06,4.12667298183e-06,7.09591189024e-06,12.7380798248,4.89629449731,6.03802114933,7.14798330205,8.11752620253,8.83855276173,9.22357892422,9.22359968882,8.838624293,8.11768039043,7.14828898251,6.03861440279,4.89743690158,3.81712918702,2.86316206586,2.07119914362,1.45060489126,0.991896095959,0.675478159766,0.479627043835,0.386606223428,0.386606223428,0.479627043835,0.675478159766,0.991896095959,1.45060489126,2.07119914362,2.86316206586,3.81712918702,4.89743690158,6.03861440279,90.3280650236
88,77,8.42338774022e-05,4.43591632918e-05,2.36189122899e-05,1.27810498552e-05,7.0959121323e-06,4.1266729138e-06,2.63405218328e-06,2.01159679048e-06,2.01159678414e-06,2.63405219753e-06,4.12667298183e-06,7.09591189024e-06,12.7380798248,4.89629449731,6.03802114933,7.14798330205,8.11752620253,8.83855276173,9.22357892422,9.22359968882,8.838624293,8.11768039043,7.14828898251,6.03861440279,4.89743690158,3.81712918702,2.86316206586,2.07119914362,1.45060489126,0.991896095959,0.675478159766,0.479627043835,0.386606223428,0.386606223428,0.479627043835,0.675478159766,0.991896095959,1.45060489126,2.07119914362,2.86316206586,3.81712918702,4.89743690158,6.03861440279,90.3280650236
88,78,3.69446830711e-06,1.94557733736e-06,1.0359172057e-06,5.60572362071e-07,3.11224216329e-07,1.80994426044e-07,1.1552860453e-07,8.8227929407e-08,8.8227929129e-08,1.15528605155e-07,1.80994429027e-07,3.11224205712e-07,0.558687711612,0.214749758654,0.264825489006,0.313508039564,0.356031850988,0.387655822883,0.404542935273,0.404543846001,0.387658960219,0.356038613615,0.313521446601,0.264851508894,0.214799864105,0.167417946799,0.12557728359,0.0908420677026,0.0636230215465,0.0435042147351,0.0296262350774,0.0210362738524,0.0169564133083,0.0169564133083,0.0210362738524,0.0296262350774,0.0435042147351,0.0636230215465,0.0908420677026,0.12557728359,0.167417946799,0.214799864105,0.264851508894,3.96175723788
88,92,8.42338774022e-05,4.43591632918e-05,2.36189122899e-05,1.27810498552e-05,7.0959121323e-06,4.1266729138e-06,2.63405218328e-06,2.01159679048e-06,2.01159678414e-06,2.63405219753e-06,4.12667298183e-06,7.09591189024e-06,12.7380798248,4.89629449731,6.03802114933,7.14798330205,8.11752620253,8.83855276173,9.22357892422,9.22359968882,8.838624293,8.11768039043,7.14828898251,6.03861440279,4.89743690158,3.81712918702,2.86316206586,2.07119914362,1.45060489126,0.991896095959,0.675478159766,0.479627043835,0.386606223428,0.386606223428,0.479627043835,0.675478159766,0.991896095959,1.45060489126,2.07119914362,2.86316206586,3.81712918702,4.89743690158,6.03861440279,90.3280650236
88,95,3.69446830711e-06,1.94557733736e-06,1.0359172057e-06,5.60572362071e-07,3.11224216329e-07,1.80994426044e-07,1.1552860453e-07,8.8227929407e-08,8.8227929129e-08,1.15528605155e-07,1.80994429027e-07,3.11224205712e-07,0.558687711612,0.214749758654,0.264825489006,0.313508039564,0.356031850988,0.387655822883,0.404542935273,0.404543846001,0.387658960219,0.356038613615,0.313521446601,0.264851508894,0.214799864105,0.167417946799,0.12557728359,0.0908420677026,0.0636230215465,0.0435042147351,0.0296262350774,0.0210362738524,0.0169564133083,0.0169564133083,0.0210362738524,0.0296262350774,0.0435042147351,0.0636230215465,0.0908420677026,0.12557728359,0.167417946799,0.214799864105,0.264851508894,3.96175723788
88,100,3.69446830711e-06,1.94557733736e-06,1.0359172057e-06,5.60572362071e-07,3.11224216329e-07,1.80994426044e-07,1.1552860453e-07,8.8227929407e-08,8.8227929129e-08,1.15528605155e-07,1.80994429027e-07,3.11224205712e-07,0.558687711612,0.214749758654,0.264825489006,0.313508039564,0.356031850988,0.387655822883,0.404542935273,0.404543846001,0.387658960219,0.356038613615,0.313521446601,0.264851508894,0.214799864105,0.167417946799,0.12557728359,0.0908420677026,0.0636230215465,0.0435042147351,0.0296262350774,0.0210362738524,0.0169564133083,0.0169564133083,0.0210362738524,0.0296262350774,0.0435042147351,0.0636230215465,0.0908420677026,0.12557728359,0.167417946799,0.214799864105,0.264851508894,3.96175723788
88,104,8.42338774022e-05,4.43591632918e-05,2.36189122899e-05,1.27810498552e-05,7.0959121323e-06,4.1266729138e-06,2.63405218328e-06,2.01159679048e-06,2.01159678414e-06,2.63405219753e-06,4.12667298183e-06,7.09591189024e-06,12.7380798248,4.89629449731,6.03802114933,7.14798330205,8.11752620253,8.83855276173,9.22357892422,9.22359968882,8.838624293,8.11768039043,7.14828898251,6.03861440279,4.89743690158,3.81712918702,2.86316206586,2.07119914362,1.45060489126,0.991896095959,0.675478159766,0.479627043835,0.386606223428,0.386606223428,0.479627043835,0.675478159766,0.991896095959,1.45060489126,2.07119914362,2.86316206586,3.81712918702,4.89743690158,6.03861440279,90.3280650236
94,16,0.0,0.0,4.34182689802e-11,0.0,0.0,4.13489242845e-11,0.0,1.26818555657e-11,1.81874515448e-11,0.0,7.05095981601e-11,6.39028829852e-11,56.7695768899,44.2894419559,67.2578159688,94.1493423889,121.314241637,143.735876991,156.483704167,156.483704167,143.735876991,121.314241637,94.1493423889,67.2578159688,44.2894419559,26.9308610326,15.1530172204,7.90852062963,3.83906187441,1.7386355986,0.737044455421,0.293528964365,0.110247071876,0.0392137175268,0.013266670268,0.00428875547107,0.00133114314513,0.000398656177637,0.000115791717934,3.27904379728e-05,9.10197368675e-06,2.49018728837e-06,6.75225731328e-07,2.50565520332e-07
94,31,0.0,0.0,1.90431004299e-12,0.0,0.0,1.81354931072e-12,0.0,5.56221735337e-13,7.97695243194e-13,0.0,3.09252623509e-12,2.80275802567e-12,2.48989372324,1.94251938403,2.94990420916,4.12935712232,5.32080007178,6.3042051312,6.86332035822,6.86332035822,6.3042051312,5.32080007178,4.12935712232,2.94990420916,1.94251938403,1.18117811546,0.66460601844,0.346864939896,0.168379906772,0.0762559473072,0.0323265112027,0.0128740773844,0.00483539788928,0.00171989989153,0.000581871502981,0.000188103310135,5.83834712775e-05,1.74849200718e-05,5.07858411991e-06,1.43817710407e-06,3.99209372226e-07,1.09218740718e-07,2.96151636547e-08,1.0989715804e-08
94,45,0.0,0.0,1.90431004299e-12,0.0,0.0,1.81354931072e-12,0.0,5.56221735337e-13,7.97695243194e-13,0.0,3.09252623509e-12,2.80275802567e-12,2.48989372324,1.94251938403,2.94990420916,4.12935712232,5.32080007178,6.3042051312,6.86332035822,6.86332035822,6.3042051312,5.32080007178,4.12935712232,2.94990420916,1.94251938403,1.18117811546,0.66460601844,0.346864939896,0.168379906772,0.0762559473072,0.0323265112027,0.0128740773844,0.00483539788928,0.00171989989153,0.000581871502981,0.000188103310135,5.83834712775e-05,1.74849200718e-05,5.07858411991e-06,1.43817710407e-06,3.99209372226e-07,1.09218740718e-07,2.96151636547e-08,1.0989715804e-08
94,56,0.0,0.0,1.90431004299e-12,0.0,0.0,1.81354931072e-12,0.0,5.56221735337e-13,7.97695243194e-13,0.0,3.09252623509e-12,2.80275802567e-12,2.48989372324,1.94251938403,2.94990420916,4.12935712232,5.32080007178,6.3042051312,6.86332035822,6.86332035822,6.3042051312,5.32080007178,4.12935712232,2.94990420916,1.94251938403,1.18117811546,0.66460601844,0.346864939896,0.168379906772,0.0762559473072,0.0323265112027,0.0128740773844,0.00483539788928,0.00171989989153,0.000581871502981,0.000188103310135,5.83834712775e-05,1.74849200718e-05,5.07858411991e-06,1.43817710407e-06,3.99209372226e-07,1.09218740718e-07,2.96151636547e-08,1.0989715804e-08
94,57,0.0,0.0,4.34182689802e-11,0.0,0.0,4.13489242845e-11,0.0,1.26818555657e-11,1.81874515448e-11,0.0,7.05095981601e-11,6.39028829852e-11,56.7695768899,44.2894419559,67.2578159688,94.1493423889,121.314241637,143.735876991,156.483704167,156.483704167,143.735876991,121.314241637,94.1493423889,67.2578159688,44.2894419559,26.9308610326,15.1530172204,7.90852062963,3.83906187441,1.7386355986,0.737044455421,0.293528964365,0.110247071876,0.0392137175268,0.013266670268,0.00428875547107,0.00133114314513,0.000398656177637,0.000115791717934,3.27904379728e-05,9.10197368675e-06,2.49018728837e-06,6.75225731328e-07,2.50565520332e-07
94,77,0.0,0.0,4.34182689802e-11,0.0,0.0,4.13489242845e-11,0.0,1.26818555657e-11,1.81874515448e-11,0.0,7.05095981601e-11,6.39028829852e-11,56.7695768899,44.2894419559,67.2578159688,94.1493423889,121.314241637,143.735876991,156.483704167,156.483704167,143.735876991,121.314241637,94.1493423889,67.2578159688,44.2894419559,26.9308610326,15.1530172204,7.90852062963,3.83906187441,1.7386355986,0.737044455421,0.293528964365,0.110247071876,0.0392137175268,0.013266670268,0.00428875547107,0.00133114314513,0.000398656177637,0.000115791717934,3.27904379728e-05,9.10197368675e-06,2.49018728837e-06,6.75225731328e-07,2.50565520332e-07
94,78,0.0,0.0,1.90431004299e-12,0.0,0.0,1.81354931072e-12,0.0,5.56221735337e-13,7.97695243194e-13,0.0,3.09252623509e-12,2.80275802567e-12,2.48989372324,1.94251938403,2.94990420916,4.12935712232,5.32080007178,6.3042051312,6.86332035822,6.86332035822,6.3042051312,5.32080007178,4.12935712232,2.94990420916,1.94251938403,1.18117811546,0.66460601844,0.346864939896,0.168379906772,0.0762559473072,0.0323265112027,0.0128740773844,0.00483539788928,0.00171989989153,0.000581871502981,0.000188103310135,5.83834712775e-05,1.74849200718e-05,5.07858411991e-06,1.43817710407e-06,3.99209372226e-07,1.09218740718e-07,2.96151636547e-08,1.0989715804e-08
94,92,0.0,0.0,4.34182689802e-11,0.0,0.0,4.13489242845e-11,0.0,1.26818555657e-11,1.81874515448e-11,0.0,7.05095981601e-11,6.39028829852e-11,56.7695768899,44.2894419559,67.2578159688,94.1493423889,121.314241637,143.735876991,156.483704167,156.483704167,143.735876991,121.314241637,94.1493423889,67.2578159688,44.2894419559,26.9308610326,15.1530172204,7.90852062963,3.83906187441,1.7386355986,0.737044455421,0.293528964365,0.110247071876,0.0392137175268,0.013266670268,0.00428875547107,0.00133114314513,0.000398656177637,0.000115791717934,3.27904379728e-05,9.10197368675e-06,2.49018728837e-06,6.75225731328e-07,2.50565520332e-07
94,95,0.0,0.0,1.90431004299e-12,0.0,0.0,1.81354931072e-12,0.0,5.56221735337e-13,7.97695243194e-13,0.0,3.09252623509e-12,2.80275802567e-12,2.48989372324,1.94251938403,2.94990420916,4.12935712232,5.32080007178,6.3042051312,6.86332035822,6.86332035822,6.3042051312,5.32080007178,4.12935712232,2.94990420916,1.94251938403,1.18117811546,0.66460601844,0.346864939896,0.168379906772,0.0762559473072,0.0323265112027,0.0128740773844,0.00483539788928,0.00171989989153,0.000581871502981,0.000188103310135,5.83834712775e-05,1.74849200718e-05,5.07858411991e-06,1.43817710407e-06,3.99209372226e-07,1.09218740718e-07,2.96151636547e-08,1.0989715804e-08
94,100,0.0,0.0,1.90431004299e-12,0.0,0.0,1.81354931072e-12,0.0,5.56221735337e-13,7.97695243194e-13,0.0,3.09252623509e-12,2.80275802567e-12,2.48989372324,1.94251938403,2.94990420916,4.12935712232,5.32080007178,6.3042051312,6.86332035822,6.86332035822,6.3042051312,5.32080007178,4.12935712232,2.94990420916,1.94251938403,1.18117811546,0.66460601844,0.346864939896,0.168379906772,0.0762559473072,0.0323265112027,0.0128740773844,0.00483539788928,0.00171989989153,0.000581871502981,0.000188103310135,5.83834712775e-05,1.74849200718e-05,5.07858411991e-06,1.43817710407e-06,3.99209372226e-07,1.09218740718e-07,2.96151636547e-08,1.0989715804e-08
94,104,0.0,0.0,4.34182689802e-11,0.0,0.0,4.13489242845e-11,0.0,1.26818555657e-11,1.81874515448e-11,0.0,7.05095981601e-11,6.39028829852e-11,56.7695768899,44.2894419559,67.2578159688,94.1493423889,121.314241637,143.735876991,156.483704167,156.483704167,143.735876991,121.314241637,94.1493423889,67.2578159688,44.2894419559,26.9308610326,15.1530172204,7.90852062963,3.83906187441,1.7386355986,0.737044455421,0.293528964365,0.110247071876,0.0392137175268,0.013266670268,0.00428875547107,0.00133114314513,0.000398656177637,0.000115791717934,3.27904379728e-05,9.10197368675e-06,2.49018728837e-06,6.75225731328e-07,2.50565520332e-07
